text,span,label,ordinal,ac,ot
"[""The wait here is long for dim sum , but if you do n't like sharing tables or if the typical raucous dim sum atmosphere is not your gig , this is a sleek ( for Chinatown ) alternative .""]",wait,negative,0,service general,long
"[""The wait here is long for dim sum , but if you do n't like sharing tables or if the typical raucous dim sum atmosphere is not your gig , this is a sleek ( for Chinatown ) alternative .""]",atmosphere,negative,0,ambience general,raucous
"[""Just because it 's cheap does NOT mean the portions are small or the food is nasty , IT IS GREAT !""]",food,positive,0,food quality,GREAT
['Food is excellent .'],Food,positive,0,food quality,excellent
['As always we had a great glass of wine while we waited .'],glass of wine,positive,0,drinks quality,great
['I can not imagine a friendlier staff working in a restaurant .'],staff,positive,0,service general,friendlier
"[""Also , specify if you like your food spicy- its rather bland if you do n't .""]",food,negative,0,food quality,bland
['Big Wong gets big Ups for a fine establishment .'],Big Wong,positive,0,restaurant general,big Ups
['Big Wong gets big Ups for a fine establishment .'],Big Wong,positive,0,restaurant general,fine
['We all agreed that mare is one of the best seafood restaurants in New York .'],mare,positive,0,restaurant general,best
['The place was nice and calm .'],place,positive,0,ambience general,nice
['The place was nice and calm .'],place,positive,0,ambience general,calm
['Add to that great service and great food at a reasonable price and you have yourself the beginning of a great evening .'],service,positive,0,service general,great
['Add to that great service and great food at a reasonable price and you have yourself the beginning of a great evening .'],food,positive,0,food quality,great
['Add to that great service and great food at a reasonable price and you have yourself the beginning of a great evening .'],food,positive,0,food prices,great
['Slightly above average wines start at $ 70+ with only one selection listed at $ 30+ .'],wines,negative,0,drinks quality,above average
['Slightly above average wines start at $ 70+ with only one selection listed at $ 30+ .'],wines,negative,0,drinks prices,above average
"['Kind , attentive wait staff .']",wait staff,positive,0,service general,Kind
"['Kind , attentive wait staff .']",wait staff,positive,0,service general,attentive
['All of the pizzas are terrific and the price is even better !'],pizzas,positive,0,food quality,terrific
['The staff was the friendliest that have seen in New York .'],staff,positive,0,service general,friendliest
['Drinks way over priced .'],Drinks,negative,0,drinks prices,over priced
['The sushi was awful !'],sushi,negative,0,food quality,awful
"['The sandwiches are dry , tasteless and way overpriced .']",sandwiches,negative,0,food quality,dry
"['The sandwiches are dry , tasteless and way overpriced .']",sandwiches,negative,0,food quality,tasteless
"['The sandwiches are dry , tasteless and way overpriced .']",sandwiches,negative,0,food prices,overpriced
"['I like the somosas , chai , and the chole , but the dhosas and dhal were kinda dissapointing .']",somosas,positive,0,food quality,like
"['I like the somosas , chai , and the chole , but the dhosas and dhal were kinda dissapointing .']",chai,positive,0,food quality,like
"['I like the somosas , chai , and the chole , but the dhosas and dhal were kinda dissapointing .']",chole,positive,0,food quality,like
"['I like the somosas , chai , and the chole , but the dhosas and dhal were kinda dissapointing .']",dhosas,negative,0,food quality,dissapointing
"['I like the somosas , chai , and the chole , but the dhosas and dhal were kinda dissapointing .']",dhal,negative,0,food quality,dissapointing
"[""We wo n't go to this place again for a good meal .""]",meal,negative,0,food quality,good
['Taxan delicious !'],Taxan,positive,0,food quality,delicious
['The hanger steak was like rubber and the tuna was flavorless not to mention it tasted like it had just been thawed .'],hanger steak,negative,0,food quality,rubber
['The hanger steak was like rubber and the tuna was flavorless not to mention it tasted like it had just been thawed .'],tuna,negative,0,food quality,flavorless
['I have been to Casimir over 5 times and I have always had a great time there .'],Casimir,positive,0,restaurant general,great time
['This place is great .'],place,positive,0,restaurant general,great
['The restaurant is a bit noisy but that is something that can be overlooked once you sit down and enjoy a great meal'],meal,positive,0,food quality,enjoy
['The restaurant is a bit noisy but that is something that can be overlooked once you sit down and enjoy a great meal'],meal,positive,0,food quality,great
['The restaurant is a bit noisy but that is something that can be overlooked once you sit down and enjoy a great meal'],restaurant,negative,0,ambience general,noisy
"[""Their bagels are fine , but they are a little overcooked , and not really a 'special ' bagel experience .""]",bagels,negative,0,food quality,fine
"[""Their bagels are fine , but they are a little overcooked , and not really a 'special ' bagel experience .""]",bagels,negative,0,food quality,overcooked
"[""Have eaten at Ginger House several times , and it 's always good .""]",Ginger House,positive,0,restaurant general,good
"['I like Cafe Noir dont get me wrong , it is jsut that the people who work there are evil and incompetent ! !']",people,negative,0,service general,evil
"['I like Cafe Noir dont get me wrong , it is jsut that the people who work there are evil and incompetent ! !']",people,negative,0,service general,incompetent
"['I like Cafe Noir dont get me wrong , it is jsut that the people who work there are evil and incompetent ! !']",Cafe Noir,positive,0,restaurant general,like
"['A cool bar with great food , and tons of excellent beer .']",bar,positive,0,ambience general,cool
"['A cool bar with great food , and tons of excellent beer .']",food,positive,0,food quality,great
"['A cool bar with great food , and tons of excellent beer .']",beer,positive,0,drinks quality,excellent
"['A cool bar with great food , and tons of excellent beer .']",beer,positive,0,drinks style_options,excellent
"[""Do n't dine at Tamarind for the vegetarian dishes , they are simply not up to par with the non-veg selections .""]",vegetarian dishes,negative,0,food quality,not up to par
['Not the typical NYC gimmick theme restaurant .'],restaurant,positive,0,ambience general,Not the typical
['Ravioli was good ... but I have to say that I found everything a bit overpriced .'],Ravioli,positive,0,food quality,good
"['Other guests enjoyed pizza , santa fe chopped salad and fish and chips .']",pizza,positive,0,food quality,enjoyed
"['Other guests enjoyed pizza , santa fe chopped salad and fish and chips .']",santa fe chopped salad,positive,0,food quality,enjoyed
"['Other guests enjoyed pizza , santa fe chopped salad and fish and chips .']",fish and chips,positive,0,food quality,enjoyed
"['They have it all -- great price , food , and service .']",food,positive,0,food quality,great
"['They have it all -- great price , food , and service .']",service,positive,0,service general,great
"['Most of the servers are very attentive , friendly and quite attractive .']",servers,positive,0,service general,attentive
"['Most of the servers are very attentive , friendly and quite attractive .']",servers,positive,0,service general,friendly
"['Most of the servers are very attentive , friendly and quite attractive .']",servers,positive,0,service general,attractive
"['Admittedly some nights inside the restaurant were rather warm , but the open kitchen is part of the charm .']",open kitchen,positive,0,ambience general,charm
"['Admittedly some nights inside the restaurant were rather warm , but the open kitchen is part of the charm .']",restaurant,negative,0,ambience general,warm
['Try green curry with vegetables .'],green curry with vegetables,positive,0,food quality,Try
['The service is good and the resturant is clean .'],service,positive,0,service general,good
['The service is good and the resturant is clean .'],resturant,positive,0,ambience general,clean
['What a great place !'],place,positive,0,restaurant general,great
"['Great friendly service , Fast seating , Fast Delivery , Excellent sushi .']",service,positive,0,service general,Great friendly
"['Great friendly service , Fast seating , Fast Delivery , Excellent sushi .']",seating,positive,0,service general,Fast
"['Great friendly service , Fast seating , Fast Delivery , Excellent sushi .']",Delivery,positive,0,service general,Fast
"['Great friendly service , Fast seating , Fast Delivery , Excellent sushi .']",sushi,positive,0,food quality,Excellent
"['The service is excellent , the decor is great , and the food is delicious and comes in large portions .']",service,positive,0,service general,excellent
"['The service is excellent , the decor is great , and the food is delicious and comes in large portions .']",decor,positive,0,ambience general,great
"['The service is excellent , the decor is great , and the food is delicious and comes in large portions .']",food,positive,0,food quality,delicious
"['The service is excellent , the decor is great , and the food is delicious and comes in large portions .']",portions,positive,0,food style_options,large
"['The restaurant has a Family feel , not least with regard to the portions which are enormous ; the veal alone could have single-handedly solved third world famine .']",restaurant,positive,0,ambience general,Family feel
"['The restaurant has a Family feel , not least with regard to the portions which are enormous ; the veal alone could have single-handedly solved third world famine .']",portions,positive,0,food style_options,enormous
"['The restaurant has a Family feel , not least with regard to the portions which are enormous ; the veal alone could have single-handedly solved third world famine .']",veal,positive,0,food style_options,have single-handedly solved third world famine
"['The food was average to above-average ; the French Onion soup filling yet not overly impressive , and the desserts not brilliant in any way .']",food,positive,0,food quality,average to above-average
"['The food was average to above-average ; the French Onion soup filling yet not overly impressive , and the desserts not brilliant in any way .']",French Onion soup,negative,0,food quality,not overly impressive
"['The food was average to above-average ; the French Onion soup filling yet not overly impressive , and the desserts not brilliant in any way .']",desserts,negative,0,food quality,not brilliant
"[""I 'm not sure where the other reviewers ate but it seems as if we visited two different restaurants because my friends and I all enjoy Mizu very much ... and we 're repeat customers .""]",Mizu,positive,0,restaurant general,enjoy
['You must have the crabmeat lasagna which is out of this world and the chocolate bread pudding for dessert .'],crabmeat lasagna,positive,0,food quality,out of this world
['Truly the mark of an attentive waiter .'],waiter,positive,0,service general,attentive
"['The first time the sushi was outstanding , the second time it was a little bland .']",sushi,positive,0,food quality,outstanding
"['The first time the sushi was outstanding , the second time it was a little bland .']",sushi,negative,0,food quality,bland
['The restaurant looks out over beautiful green lawns to the Hudson River and the Statue of Liberty .'],restaurant,positive,0,location general,beautiful
['The food is excellent !'],food,positive,0,food quality,excellent
['Not impressed with the food .'],food,negative,0,food quality,Not impressed
"[""I ca n't wait for summer , when they serve outside on their gigantic patio .""]",patio,positive,0,ambience general,gigantic
"[""This place , which is only a few months old , is perhaps Queens ' biggest secret !""]",place,positive,0,restaurant general,Queens ' biggest secret
['but the service was a bit slow .'],service,negative,0,service general,slow
['The food was authentic .'],food,positive,0,food quality,authentic
"['The Steak Tartare is a great bet , they fix it for you at the table .']",Steak Tartare,positive,0,food style_options,great
"['stick with the chicken , beef , and lamb dishes .']",chicken,positive,0,food quality,stick
"['stick with the chicken , beef , and lamb dishes .']",beef,positive,0,food quality,stick
"['stick with the chicken , beef , and lamb dishes .']",lamb dishes,positive,0,food quality,stick
['This little place definitely exceeded my expectations and you sure get a lot of food for your money .'],food,positive,0,food style_options,lot
['This little place definitely exceeded my expectations and you sure get a lot of food for your money .'],place,positive,0,restaurant general,exceeded my expectations
['This little place definitely exceeded my expectations and you sure get a lot of food for your money .'],food,positive,0,food prices,lot
"['Great vibe , lots of people .']",vibe,positive,0,ambience general,Great
['The wine list is also really nice .'],wine list,positive,0,drinks style_options,nice
['The exotic food is beautifully presented and is a delight in delicious combinations .'],exotic food,positive,0,food style_options,beautifully presented
['The exotic food is beautifully presented and is a delight in delicious combinations .'],exotic food,positive,0,food quality,delight
['The cream cheeses are out of this world and I love that coffee ! !'],cream cheeses,positive,0,food quality,out of this world
['The cream cheeses are out of this world and I love that coffee ! !'],coffee,positive,0,drinks quality,love
['The hostess and the waitress were incredibly rude and did everything they could to rush us out .'],hostess,negative,0,service general,rude
['The hostess and the waitress were incredibly rude and did everything they could to rush us out .'],waitress,negative,0,service general,rude
"['I recommend the jelly fish , drunken chicken and the soupy dumplings , certainly the stir fry blue crab .']",jelly fish,positive,0,food quality,recommend
"['I recommend the jelly fish , drunken chicken and the soupy dumplings , certainly the stir fry blue crab .']",drunken chicken,positive,0,food quality,recommend
"['I recommend the jelly fish , drunken chicken and the soupy dumplings , certainly the stir fry blue crab .']",soupy dumplings,positive,0,food quality,recommend
"['I recommend the jelly fish , drunken chicken and the soupy dumplings , certainly the stir fry blue crab .']",stir fry blue crab,positive,0,food quality,recommend
['We even had a visit from the Manager who wanted to make sure we were enjoying ourselves .'],Manager,positive,0,service general,enjoying
['honestly the worst sushi my husband and i had in our entire lives .'],sushi,negative,0,food quality,worst
"[""The atmosphere is n't the greatest , but I suppose that 's how they keep the prices down .""]",atmosphere,negative,0,ambience general,is n't the greatest
"['Be sure to try the seasonal , and always delicious , specials .']",specials,positive,0,food quality,try
"['Be sure to try the seasonal , and always delicious , specials .']",specials,positive,0,food quality,seasonal
"['Be sure to try the seasonal , and always delicious , specials .']",specials,positive,0,food quality,delicious
"['With the exception of our lemon salad that had so much pepper on it that our eyes started watering , the food here was decent , not great .']",food,neutral,0,food quality,decent
"['With the exception of our lemon salad that had so much pepper on it that our eyes started watering , the food here was decent , not great .']",food,negative,0,food quality,not great
"['With the exception of our lemon salad that had so much pepper on it that our eyes started watering , the food here was decent , not great .']",lemon salad,negative,0,food quality,exception
"['Seating is always prompt , though the restaurant does fill up in the evening .']",Seating,positive,0,service general,prompt
['Service is top notch .'],Service,positive,0,service general,top notch
['The entertainment was great they have shows that go on through out the dinner .'],entertainment,positive,0,ambience general,great
['If you like spicy food get the chicken vindaloo .'],chicken vindaloo,positive,0,food quality,get
['Food was good not great not worth the wait or another visit'],Food,neutral,0,food quality,good not great not worth the wait or another visit
['I thought this place was totally overrated .'],place,negative,0,restaurant general,overrated
"[""Have frequented 'ino for several years and the food remains excellent .""]",food,positive,0,food quality,excellent
"['Cute place , nice wait staff but would never go there again .']",wait staff,positive,0,service general,nice
"['Cute place , nice wait staff but would never go there again .']",place,positive,0,ambience general,Cute
"['Cute place , nice wait staff but would never go there again .']",place,negative,0,restaurant general,never go
"['We have been to this place many times , and always have great food , wine , and service .']",food,positive,0,food quality,great
"['We have been to this place many times , and always have great food , wine , and service .']",wine,positive,0,drinks quality,great
"['We have been to this place many times , and always have great food , wine , and service .']",service,positive,0,service general,great
['You can not go wrong with this place .'],place,positive,0,restaurant general,wrong
"['Please take my advice , go and try this place .']",place,positive,0,restaurant general,go and try
['This place is so much fun .'],place,positive,0,ambience general,fun
['The only thing I moderately enjoyed was their Grilled Chicken special with Edamame Puree .'],Grilled Chicken special with Edamame Puree,positive,0,food quality,enjoyed
"['To sum it up : Service varies from good to mediorce , depending on which waiter you get ; generally it is just average Ok .']",Service,neutral,0,service general,varies
['Love Pizza 33 ...'],Pizza 33,positive,0,restaurant general,Love
['The food was bland oily .'],food,negative,0,food quality,bland oily
['The food was lousy - too sweet or too salty and the portions tiny .'],food,negative,0,food quality,lousy
['The food was lousy - too sweet or too salty and the portions tiny .'],food,negative,0,food quality,too sweet
['The food was lousy - too sweet or too salty and the portions tiny .'],food,negative,0,food quality,too salty
['The food was lousy - too sweet or too salty and the portions tiny .'],portions,negative,0,food style_options,tiny
"['Two complaints -- their appetizer selection stinks , it would be nice to get some mozzarella sticks on the menu .']",appetizer selection,negative,0,food style_options,complaints
['We could have made a meal of the yummy dumplings from the dumpling menu .'],dumplings,positive,0,food quality,yummy
"[""Hurley 's is like Cheers where everyone knows your name and they are ACTUALLY glad you came .""]",Hurley 's,positive,0,service general,glad
"['My wife and I always enjoy the young , not always well trained but nevertheless friendly , staff , all of whom have a story .']",staff,positive,0,service general,enjoy
"['My wife and I always enjoy the young , not always well trained but nevertheless friendly , staff , all of whom have a story .']",staff,positive,0,service general,young
"['My wife and I always enjoy the young , not always well trained but nevertheless friendly , staff , all of whom have a story .']",staff,positive,0,service general,not always well trained
"['My wife and I always enjoy the young , not always well trained but nevertheless friendly , staff , all of whom have a story .']",staff,positive,0,service general,friendly
"[""You ca n't go wrong with this place .""]",place,positive,0,restaurant general,ca n't go wrong
['Personal pans are the perfect size for those hungry nights .'],Personal pans,positive,0,food style_options,perfect
"['Do not get the Go Go Hamburgers , no matter what the reviews say .']",Go Go Hamburgers,negative,0,food quality,Do not get
['I would definitely recommend SEA if you like thai cuisine !'],thai cuisine,positive,0,food quality,like
"[""Also , the sandwiches ( nearing $ 7 ) did n't come with anything like chips or a side .""]",sandwiches,negative,0,food style_options,did n't come with
"[""Also , the sandwiches ( nearing $ 7 ) did n't come with anything like chips or a side .""]",sandwiches,negative,0,food prices,nearing $ 7 
"['Ambience is delightful , service impeccable .']",Ambience,positive,0,ambience general,delightful
"['Ambience is delightful , service impeccable .']",service,positive,0,service general,impeccable
"['For the people who want great food plus great service , Roxy is a place to AVOID !']",food,negative,0,food quality,great
"['For the people who want great food plus great service , Roxy is a place to AVOID !']",service,negative,0,service general,great
['The pizza was great .'],pizza,positive,0,food quality,great
['My son and his girlfriend both wanted cheeseburgers and they were huge !'],cheeseburgers,neutral,0,food style_options,huge
['The counter service is bad .'],counter service,negative,0,service general,bad
['Atmosphere is nice and relaxed too ...'],Atmosphere,positive,0,ambience general,nice
['Atmosphere is nice and relaxed too ...'],Atmosphere,positive,0,ambience general,relaxed
['The food was well prepared and the service impecable .'],food,positive,0,food quality,well prepared
['The food was well prepared and the service impecable .'],service,positive,0,service general,impecable
"[""One of us actually liked the expresso - that 's it .""]",expresso,positive,0,drinks quality,liked
"['In an area sadly lacking in decent Thai food , this is one of the best spots .']",Thai food,positive,0,food quality,decent
"['Not sure where the previous reviewer , lonk , dined , but Saul is in a great neighborhood and has great food !']",neighborhood,positive,0,location general,great
"['Not sure where the previous reviewer , lonk , dined , but Saul is in a great neighborhood and has great food !']",food,positive,0,food quality,great
"['THe back garden sitting area is very pleasant , where you can see their personal herb garden .']",back garden sitting area,positive,0,ambience general,pleasant
['Food is great and inexpensive .'],Food,positive,0,food quality,great
['Food is great and inexpensive .'],Food,positive,0,food prices,inexpensive
['First of all Dal Bukhara Rocks .'],Dal Bukhara,positive,0,food quality,Rocks
['Decor is nice though service can be spotty .'],Decor,positive,0,ambience general,nice
['Decor is nice though service can be spotty .'],service,negative,0,service general,spotty
['The location and ambience is Ok but the food is what makes up for it .'],location,neutral,0,location general,Ok
['The location and ambience is Ok but the food is what makes up for it .'],ambience,neutral,0,ambience general,Ok
['The location and ambience is Ok but the food is what makes up for it .'],food,positive,0,food quality,makes up for it
['I go and eat out at many different restaurants and this is one place you have go and try .'],place,positive,0,restaurant general,have go and try
['Food awesome .'],Food,positive,0,food quality,awesome
"['good music , great food , speedy service affordable prices .']",music,positive,0,ambience general,good
"['good music , great food , speedy service affordable prices .']",food,positive,0,food quality,great
"['good music , great food , speedy service affordable prices .']",service,positive,0,service general,speedy
"[""The pizza is delicious - they use fresh mozzarella instead of the cheap , frozen , shredded cheese common to most pizzaria 's .""]",pizza,positive,0,food quality,delicious
"[""The pizza is delicious - they use fresh mozzarella instead of the cheap , frozen , shredded cheese common to most pizzaria 's .""]",fresh mozzarella,positive,0,food quality,fresh
['The characters really make for an enjoyable experience .'],characters,positive,0,ambience general,enjoyable
"[""I 've never had bad service and the fish is fresh and delicious .""]",service,positive,0,service general,never had bad
"[""I 've never had bad service and the fish is fresh and delicious .""]",fish,positive,0,food quality,fresh
"[""I 've never had bad service and the fish is fresh and delicious .""]",fish,positive,0,food quality,delicious
['Ambiance relaxed and stylish .'],Ambiance,positive,0,ambience general,relaxed
['Ambiance relaxed and stylish .'],Ambiance,positive,0,ambience general,stylish
"['Moules were excellent , lobster ravioli was VERY salty !']",Moules,positive,0,food quality,excellent
"['Moules were excellent , lobster ravioli was VERY salty !']",lobster ravioli,negative,0,food quality,salty
['first it took us a long time to find the place .'],place,negative,0,restaurant miscellaneous,took us a long time
"['Both times I was extremely dissappointed by the service , which was boarderline rude .']",service,negative,0,service general,dissappointed
"['Both times I was extremely dissappointed by the service , which was boarderline rude .']",service,negative,0,service general,rude
"['Despite a slightly limited menu , everything prepared is done to perfection , ultra fresh and a work of food art .']",menu,negative,0,food style_options,limited
['Service was also horrible and the ambience is not that great .'],Service,negative,0,service general,horrible
['Service was also horrible and the ambience is not that great .'],ambience,negative,0,ambience general,not that great
"['Excellent dumplings served amid clean , chic decor .']",dumplings,positive,0,food quality,Excellent
"['Excellent dumplings served amid clean , chic decor .']",decor,positive,0,ambience general,clean
"['Excellent dumplings served amid clean , chic decor .']",decor,positive,0,ambience general,chic
['I absolutely love this place ! ! !'],place,positive,0,restaurant general,love
"['As a retired hipster , I can say with some degree of certainty that for the last year Lucky Strike has been the best laid-back late night in the city .']",Lucky Strike,positive,0,restaurant general,best
"['The food is wonderful , tasty and filling , and the service is professional and friendly .']",food,positive,0,food quality,wonderful
"['The food is wonderful , tasty and filling , and the service is professional and friendly .']",food,positive,0,food quality,tasty
"['The food is wonderful , tasty and filling , and the service is professional and friendly .']",food,positive,0,food style_options,filling
"['The food is wonderful , tasty and filling , and the service is professional and friendly .']",service,positive,0,service general,professional
"['The food is wonderful , tasty and filling , and the service is professional and friendly .']",service,positive,0,service general,friendly
"['The service was terrible , we had to wait for everything and ask several of different people for the same thing before we were allowed to be served .']",service,negative,0,service general,terrible
['My boyfriend had the New England Chowder it was good but I think the award should go to the Lobster Bisque .'],New England Chowder,positive,0,food quality,good
['My boyfriend had the New England Chowder it was good but I think the award should go to the Lobster Bisque .'],Lobster Bisque,positive,0,food quality,award
"['The food was very good , a great deal , and the place its self was great .']",food,positive,0,food quality,good
"['The food was very good , a great deal , and the place its self was great .']",food,positive,0,food prices,good
"['The food was very good , a great deal , and the place its self was great .']",place,positive,0,ambience general,great
['Big Wong is a great place to eat and fill your stomach .'],Big Wong,positive,0,restaurant general,great
['The service was attentive .'],service,positive,0,service general,attentive
"['service is friendly , and never had a problem walking in and getting a table .']",service,positive,0,service general,friendly
['Authentic Pakistani food .'],Pakistani food,positive,0,food quality,Authentic
['I ate here a week ago and found most dishes average at best and too expensive .'],dishes,negative,0,food quality,average
['I ate here a week ago and found most dishes average at best and too expensive .'],dishes,negative,0,food prices,too expensive
['the turkey burgers are scary !'],turkey burgers,negative,0,food quality,scary
"[""If you do n't mind pre-sliced low quality fish , unfriendly staff and a sushi chef that looks like he is miserable then this is your place .""]",fish,negative,0,food quality,low quality
"[""If you do n't mind pre-sliced low quality fish , unfriendly staff and a sushi chef that looks like he is miserable then this is your place .""]",staff,negative,0,service general,unfriendly
"[""If you do n't mind pre-sliced low quality fish , unfriendly staff and a sushi chef that looks like he is miserable then this is your place .""]",sushi chef,negative,0,restaurant miscellaneous,miserable
"['The rest of the dim sum , though pricey by Chinatown standards , is worth it .']",dim sum,negative,0,food prices,pricey
"['The rest of the dim sum , though pricey by Chinatown standards , is worth it .']",dim sum,positive,0,food quality,worth
"['If you are looking for a good quality , cheap eats - this is the place .']",eats,positive,0,food quality,good quality
"['If you are looking for a good quality , cheap eats - this is the place .']",eats,positive,0,food prices,cheap
"['The food is delicious - from the specials to the regular menu-fare , the dishes are never a disappointment .']",food,positive,0,food quality,delicious
"['The food is delicious - from the specials to the regular menu-fare , the dishes are never a disappointment .']",dishes,positive,0,food quality,never a disappointment
"['The food is delicious - from the specials to the regular menu-fare , the dishes are never a disappointment .']",specials,positive,0,food quality,delicious
"['The food is delicious - from the specials to the regular menu-fare , the dishes are never a disappointment .']",regular menu-fare,positive,0,food quality,delicious
['Fantastic place .'],place,positive,0,restaurant general,Fantastic
"['This tiny restaurant is as cozy as it gets , with that certain Parisian flair .']",restaurant,positive,0,ambience general,cozy
"[""Took my mom for Mother 's Day , and the maitre was pretty rude .""]",maitre,negative,0,service general,rude
['If you want something really different than try Jekyll and Hyde .'],Jekyll and Hyde,positive,0,restaurant general,different
['The sushi is amazing ! ! !'],sushi,positive,0,food quality,amazing
['The fish was not fresh and the rice tasted old and stale .'],fish,negative,0,food quality,not fresh
['The fish was not fresh and the rice tasted old and stale .'],rice,negative,0,food quality,old
['The fish was not fresh and the rice tasted old and stale .'],rice,negative,0,food quality,stale
['skip dessert .'],dessert,negative,0,food quality,skip
['The food is so cheap and the waiters are nice .'],food,positive,0,food prices,cheap
['The food is so cheap and the waiters are nice .'],waiters,positive,0,service general,nice
"['This is a great place to take out-of-towners , and perfect for watching the sunset .']",place,positive,0,location general,great
['The wine list is interesting and has many good values .'],wine list,positive,0,drinks style_options,interesting
['The wine list is interesting and has many good values .'],wine list,positive,0,drinks prices,good values
['Suan is a great place that I often take my friends ( classmates ) too .'],Suan,positive,0,restaurant general,great
"[""If you like your music blasted and the system isnt that great and if you want to pay at least 100 dollar bottle minimun then you 'll love it here .""]",bottle,negative,0,drinks prices,love
"[""If you like your music blasted and the system isnt that great and if you want to pay at least 100 dollar bottle minimun then you 'll love it here .""]",music,negative,0,ambience general,like
"['The anti-pasta was excellent , especially the calamari , as were the filling pasta mains .']",anti-pasta,positive,0,food quality,excellent
"['The anti-pasta was excellent , especially the calamari , as were the filling pasta mains .']",calamari,positive,0,food quality,excellent
"['The anti-pasta was excellent , especially the calamari , as were the filling pasta mains .']",pasta mains,positive,0,food quality,excellent
"['The anti-pasta was excellent , especially the calamari , as were the filling pasta mains .']",pasta mains,positive,0,food style_options,excellent
['We waited at the bar and had martinis that were just right .'],martinis,positive,0,drinks quality,right
"['The portion sizes here are huge , and the sushi is good .']",portion sizes,positive,0,food style_options,huge
"['The portion sizes here are huge , and the sushi is good .']",sushi,positive,0,food quality,good
"['But the best part about LS is the late night atmosphere , delightfully free of the BTs .']",late night atmosphere,positive,0,ambience general,best
['I have NEVER been disappointed in the Red Eye .'],Red Eye,positive,0,restaurant general,NEVER been disappointed
['I went there for lunch and it was not as good as I expected from the reviews I read .'],lunch,negative,0,food quality,not as good as I expected
"['The chicken pot pie is exceptional , the cheeseburger huge and delictable , and the service professional wan warm .']",chicken pot pie,positive,0,food quality,exceptional
"['The chicken pot pie is exceptional , the cheeseburger huge and delictable , and the service professional wan warm .']",cheeseburger,positive,0,food style_options,huge
"['The chicken pot pie is exceptional , the cheeseburger huge and delictable , and the service professional wan warm .']",cheeseburger,positive,0,food quality,delictable
"['The chicken pot pie is exceptional , the cheeseburger huge and delictable , and the service professional wan warm .']",service,positive,0,service general,professional
"['The chicken pot pie is exceptional , the cheeseburger huge and delictable , and the service professional wan warm .']",service,positive,0,service general,warm
['With the theater 2 blocks away we had a delicious meal in a beautiful room .'],meal,positive,0,food quality,delicious
['With the theater 2 blocks away we had a delicious meal in a beautiful room .'],room,positive,0,ambience general,beautiful
['Try the lobster teriyaki and the rose special roll .'],lobster teriyaki,positive,0,food quality,Try
['Try the lobster teriyaki and the rose special roll .'],rose special roll,positive,0,food quality,Try
['This place has got to be the best japanese restaurant in the new york area .'],place,positive,0,restaurant general,best
['I have never before eaten 40 pieces of relatively good nigiri .'],nigiri,neutral,0,food quality,good
"[""I did n't complain , I liked the atmosphere so much .""]",atmosphere,positive,0,ambience general,liked
['Great pizza for lunch place .'],pizza,positive,0,food quality,Great
['Someone else recommended the dessert - we also left that .'],dessert,negative,0,food quality,recommended
"['Best Italian food I ever had ( and being Italian , that means alot ) .']",Italian food,positive,0,food quality,Best
['My Girlfriend and I stumbled onto this hopping place the other night and had a great time !'],place,positive,0,restaurant general,hopping
['My Girlfriend and I stumbled onto this hopping place the other night and had a great time !'],place,positive,0,restaurant general,great time
"['Great food , good size menu , great service and an unpretensious setting .']",food,positive,0,food quality,Great
"['Great food , good size menu , great service and an unpretensious setting .']",menu,positive,0,food style_options,good size
"['Great food , good size menu , great service and an unpretensious setting .']",service,positive,0,service general,great
"['Great food , good size menu , great service and an unpretensious setting .']",setting,positive,0,ambience general,unpretensious
['The shrimp scampi was excellent and the antipasti were plentiful .'],shrimp scampi,positive,0,food quality,excellent
['The shrimp scampi was excellent and the antipasti were plentiful .'],antipasti,positive,0,food style_options,plentiful
"['The food arrived 20 minutes after I called , cold and soggy .']",food,negative,0,food quality,cold
"['The food arrived 20 minutes after I called , cold and soggy .']",food,negative,0,food quality,soggy
['I recently went to this restaurant with some co-workers for lunch and had an amazing time .'],restaurant,positive,0,restaurant general,amazing time
"['We were worried we would have trouble getting in , but somehow managed to have a short wait .']",wait,positive,0,service general,short
"[""But after last night , Spice Grill is the only place I 'm eating indian cuisine .""]",indian cuisine,positive,0,food quality,the only place
['We were planning to get dessert but the waitress basically through the bill at us before we had a chance to order .'],waitress,negative,0,service general,through the bill
['Wonderful strawberry daiquiries as well !'],strawberry daiquiries,positive,0,drinks quality,Wonderful
['But the staff was so horrible to us .'],staff,negative,0,service general,horrible
['The hostess is rude to the point of being offensive .'],hostess,negative,0,service general,rude
['The hostess is rude to the point of being offensive .'],hostess,negative,0,service general,offensive
"[""I 've also been amazed at all the new additions in the past few years : A new Jazz Bar , the most fantastic Dining Garden , the Best Thin Crust Pizzas , and now a Lasagna Menu which is to die for ( these are not your average lasagnas ) !""]",Dining Garden,positive,0,ambience general,fantastic
"[""I 've also been amazed at all the new additions in the past few years : A new Jazz Bar , the most fantastic Dining Garden , the Best Thin Crust Pizzas , and now a Lasagna Menu which is to die for ( these are not your average lasagnas ) !""]",Jazz Bar,positive,0,ambience general,new
"[""I 've also been amazed at all the new additions in the past few years : A new Jazz Bar , the most fantastic Dining Garden , the Best Thin Crust Pizzas , and now a Lasagna Menu which is to die for ( these are not your average lasagnas ) !""]",Thin Crust Pizzas,positive,0,food quality,Best
"[""I 've also been amazed at all the new additions in the past few years : A new Jazz Bar , the most fantastic Dining Garden , the Best Thin Crust Pizzas , and now a Lasagna Menu which is to die for ( these are not your average lasagnas ) !""]",Lasagna Menu,positive,0,food quality,die for
['Not a great place for family or general dining .'],place,negative,0,restaurant miscellaneous,Not a great
['I can not imagine better Indian food in all of the city .'],Indian food,positive,0,food quality,better
['I did not try the caviar but I tried their salmon and crab salad ( they are all good )'],salmon,positive,0,food quality,good
['I did not try the caviar but I tried their salmon and crab salad ( they are all good )'],crab salad,positive,0,food quality,good
"['We went here for lunch a couple of weeks ago on a Saturday , and I was thoroughly impressed with the food .']",food,positive,0,food quality,impressed
['The location is perfect .'],location,positive,0,location general,perfect
['A great place to meet up for some food and drinks ...'],place,positive,0,restaurant miscellaneous,great
['Planet Thai is great !'],Planet Thai,positive,0,restaurant general,great
['After really enjoying ourselves at the bar we sat down at a table and had dinner .'],bar,positive,0,restaurant miscellaneous,enjoying
['Food is great .'],Food,positive,0,food quality,great
['This dish is my favorite and I always get it when I go there and never get tired of it .'],dish,positive,0,food quality,favorite
['You should pass on the calamari .'],calamari,negative,0,food quality,pass
['The view is breathtaking the service is top notch ... the ambiance is wonderful .'],view,positive,0,location general,breathtaking
['The view is breathtaking the service is top notch ... the ambiance is wonderful .'],service,positive,0,service general,top notch
['The view is breathtaking the service is top notch ... the ambiance is wonderful .'],ambiance,positive,0,ambience general,wonderful
['Best drumsticks over rice and sour spicy soup in town !'],drumsticks over rice,positive,0,food quality,Best
['Best drumsticks over rice and sour spicy soup in town !'],sour spicy soup,positive,0,food quality,Best
['the drinks are amazing and half off till 8pm .'],drinks,positive,0,drinks quality,amazing
['the drinks are amazing and half off till 8pm .'],drinks,positive,0,drinks prices,amazing
"[""I 'm glad I was introduced to this place and this is a rare gem in NY .""]",place,positive,0,restaurant general,glad
"[""those rolls were big , but not good and sashimi was n't fresh .""]",rolls,positive,0,food style_options,big
"[""those rolls were big , but not good and sashimi was n't fresh .""]",rolls,negative,0,food quality,not good
"[""those rolls were big , but not good and sashimi was n't fresh .""]",sashimi,negative,0,food quality,was n't fresh
['THe perfect spot .'],spot,positive,0,restaurant general,perfect
"['Good spreads , great beverage selections and bagels really tasty .']",spreads,positive,0,food quality,Good
"['Good spreads , great beverage selections and bagels really tasty .']",beverage selections,positive,0,drinks style_options,great
"['Good spreads , great beverage selections and bagels really tasty .']",bagels,positive,0,food quality,tasty
"['The blond wood decor is very soothing , the premium sake is excellent and the service is great .']",blond wood decor,positive,0,ambience general,soothing
"['The blond wood decor is very soothing , the premium sake is excellent and the service is great .']",premium sake,positive,0,drinks quality,soothing
"['The blond wood decor is very soothing , the premium sake is excellent and the service is great .']",service,positive,0,service general,great
"['The food was delicious ( I had a halibut special , my husband had steak ) , and the service was top-notch .']",food,positive,0,food quality,delicious
"['The food was delicious ( I had a halibut special , my husband had steak ) , and the service was top-notch .']",halibut special,positive,0,food quality,delicious
"['The food was delicious ( I had a halibut special , my husband had steak ) , and the service was top-notch .']",steak,positive,0,food quality,delicious
"['The food was delicious ( I had a halibut special , my husband had steak ) , and the service was top-notch .']",service,positive,0,service general,top-notch
"[""If you venture off the island of Manhattan and ca n't seem to find a great Italian restaurant , drive to Corona .""]",Corona,positive,0,restaurant general,great
"[""Try the Pad Thai , it 's fabulous and their prices are so cheap !""]",Pad Thai,positive,0,food quality,Try
"[""Try the Pad Thai , it 's fabulous and their prices are so cheap !""]",Pad Thai,positive,0,food quality,fabulous
"['Furthermore , the rice had no seasoning , so the sushi was bland and disgusting .']",rice,negative,0,food quality,no seasoning
"['Furthermore , the rice had no seasoning , so the sushi was bland and disgusting .']",sushi,negative,0,food quality,bland
"['Furthermore , the rice had no seasoning , so the sushi was bland and disgusting .']",sushi,negative,0,food quality,disgusting
"[""The food is good , I ca n't lie .""]",food,positive,0,food quality,good
['The service was fast and friendly and the food was very tasty and they had the best hot sauce to add to your meals .'],service,positive,0,service general,fast
['The service was fast and friendly and the food was very tasty and they had the best hot sauce to add to your meals .'],service,positive,0,service general,friendly
['The service was fast and friendly and the food was very tasty and they had the best hot sauce to add to your meals .'],food,positive,0,food quality,tasty
['The service was fast and friendly and the food was very tasty and they had the best hot sauce to add to your meals .'],hot sauce,positive,0,food quality,best
['The waiter was attentive .'],waiter,positive,0,service general,attentive
['I loved this place ! !'],place,positive,0,restaurant general,loved
"['Just straight up cheap , good food .']",food,positive,0,food quality,good
"['Just straight up cheap , good food .']",food,positive,0,food prices,cheap
['I had a huge pastrami sandwich on a roll .'],pastrami sandwich on a roll,neutral,0,food style_options,huge
"['The food was amazing , and the service was prompt and helpful , but not over-bearing or rushed .']",food,positive,0,food quality,amazing
"['The food was amazing , and the service was prompt and helpful , but not over-bearing or rushed .']",service,positive,0,service general,prompt
"['The food was amazing , and the service was prompt and helpful , but not over-bearing or rushed .']",service,positive,0,service general,helpful
"['The food was amazing , and the service was prompt and helpful , but not over-bearing or rushed .']",service,positive,0,service general,not over-bearing or rushed
"['By far , the best pizza in Manhattan .']",pizza,positive,0,food quality,best
"[""Thalia is a beautiful restaurant with beautiful people serving you , but the food does n't quite match up .""]",people,positive,0,service general,beautiful
"[""Thalia is a beautiful restaurant with beautiful people serving you , but the food does n't quite match up .""]",food,negative,0,food quality,does n't quite match up
"[""Thalia is a beautiful restaurant with beautiful people serving you , but the food does n't quite match up .""]",Thalia,positive,0,ambience general,beautiful
"['Went on a 3 day oyster binge , with Fish bringing up the closing , and I am so glad this was the place it O trip ended , because it was so great !']",oyster binge,positive,0,restaurant general,great
['You can not go wrong at the Red Eye Grill .'],Red Eye Grill,positive,0,restaurant general,can not go wrong
['The waitress was very patient with us and the food is phenomenal !'],waitress,positive,0,service general,patient
['The waitress was very patient with us and the food is phenomenal !'],food,positive,0,food quality,phenomenal
"[""We did n't want a bottle of bubbly on a weekday so we each got little bottles of Korbett it was just enough .""]",bottles of Korbett,positive,0,drinks style_options,enough
"['We ordered the chicken casserole , but what we got were a few small pieces of chicken , all dark meat and on the bone .']",chicken casserole,negative,0,food quality,all dark meat and on the bone 
"['We ordered the chicken casserole , but what we got were a few small pieces of chicken , all dark meat and on the bone .']",chicken casserole,negative,0,food style_options,small
"['I choose to go with one of the special , the braised lamb shank in red wine , which was excellent .']",braised lamb shank in red wine,positive,0,food quality,excellent
['And the Tom Kha soup was pathetic .'],Tom Kha soup,negative,0,food quality,pathetic
['Mizu is home to creative and unique rolls not to found anywhere else .'],rolls,positive,0,food style_options,unique
['Pizza here is consistently good .'],Pizza,positive,0,food quality,good
"['The decor is night tho ... but they REALLY need to clean that vent in the ceiling ... its quite un-appetizing , and kills your effort to make this place look sleek and modern .']",ceiling,negative,0,ambience general,un-appetizing
"['The decor is night tho ... but they REALLY need to clean that vent in the ceiling ... its quite un-appetizing , and kills your effort to make this place look sleek and modern .']",vent,negative,0,ambience general,un-appetizing
"['The dinner was ok , nothing I would have again .']",dinner,negative,0,food quality,ok
"['Went here last night - nice decor , good service , but the food was surprisingly excellent .']",decor,positive,0,ambience general,nice
"['Went here last night - nice decor , good service , but the food was surprisingly excellent .']",service,positive,0,service general,good
"['Went here last night - nice decor , good service , but the food was surprisingly excellent .']",food,positive,0,food quality,excellent
['Kind of a small place but I guess if they are not too busy might be able to fit a group or kids .'],place,neutral,0,restaurant miscellaneous,small
"['Considering we were the last patrons there and it was after the closing time , the waitstaff did not rush us at all and made us feel comfortable and relaxed .']",waitstaff,positive,0,service general,comfortable
"['Considering we were the last patrons there and it was after the closing time , the waitstaff did not rush us at all and made us feel comfortable and relaxed .']",waitstaff,positive,0,service general,relaxed
['This is the BEST Shabu-Shabu Restaurant in the Try-State Area .'],Shabu-Shabu Restaurant,positive,0,restaurant general,BEST
"['The crust is thin , the ingredients are fresh and the staff is friendly .']",crust,positive,0,food quality,thin
"['The crust is thin , the ingredients are fresh and the staff is friendly .']",staff,positive,0,service general,friendly
"['The crust is thin , the ingredients are fresh and the staff is friendly .']",ingredients,positive,0,food quality,fresh
['Always great service !'],service,positive,0,service general,great
"[""The spicy Tuna roll is huge and probably the best that I 've had at this price range .""]",spicy Tuna roll,positive,0,food style_options,huge
"[""The spicy Tuna roll is huge and probably the best that I 've had at this price range .""]",spicy Tuna roll,positive,0,food quality,best
"[""The spicy Tuna roll is huge and probably the best that I 've had at this price range .""]",spicy Tuna roll,positive,0,food prices,best
['Love YUKA .'],YUKA,positive,0,restaurant general,Love
['The menu has so many fish items and oysters .'],menu,positive,0,food style_options,so many
['The place was quiet and delightful .'],place,positive,0,ambience general,quiet
['The place was quiet and delightful .'],place,positive,0,ambience general,delightful
"[""Skip this restaurant , it 's a big disappointment .""]",restaurant,negative,0,restaurant general,Skip
"[""Skip this restaurant , it 's a big disappointment .""]",restaurant,negative,0,restaurant general,disappointment
"['The food is outstanding and the service is quick , friendly and very professional .']",food,positive,0,food quality,outstanding
"['The food is outstanding and the service is quick , friendly and very professional .']",service,positive,0,service general,quick
"['The food is outstanding and the service is quick , friendly and very professional .']",service,positive,0,service general,friendly
"['The food is outstanding and the service is quick , friendly and very professional .']",service,positive,0,service general,professional
['we love th pink pony .'],pink pony,positive,0,restaurant general,love
['I thanked my friend who recommended me this restaurant and will certainly recommend it to others .'],restaurant,positive,0,restaurant general,recommend
"['I am not a vegetarian but , almost all the dishes were great .']",dishes,positive,0,food quality,great
"['Everything was wonderful ; food , drinks , staff , mileau .']",food,positive,0,food quality,wonderful
"['Everything was wonderful ; food , drinks , staff , mileau .']",drinks,positive,0,drinks quality,wonderful
"['Everything was wonderful ; food , drinks , staff , mileau .']",staff,positive,0,service general,wonderful
"['Everything was wonderful ; food , drinks , staff , mileau .']",mileau,positive,0,ambience general,wonderful
['Traditional French decour was pleasant though the hall was rather noisy - the restaurant was full and we had to raise our voices to be able to maintain a conversation .'],Traditional French decour,positive,0,ambience general,pleasant
['Traditional French decour was pleasant though the hall was rather noisy - the restaurant was full and we had to raise our voices to be able to maintain a conversation .'],hall,negative,0,ambience general,noisy
"['This place is really trendi but they have forgotten about the most important part of a restaurant , the food .']",food,negative,0,food quality,forgotten
"['This place is really trendi but they have forgotten about the most important part of a restaurant , the food .']",place,positive,0,ambience general,trendi
['Service was also very good .'],Service,positive,0,service general,good
"['I went to Areo on a Sunday afternoon with four of my girlfriends , and spent three enjoyable hours there .']",Areo,positive,0,restaurant general,enjoyable
['I had the duck breast special on my last visit and it was incredible .'],duck breast special,positive,0,food quality,incredible
"[""The place 's decor and hidden bathrooms made for a good laugh .""]",decor,positive,0,ambience general,good laugh
"[""The place 's decor and hidden bathrooms made for a good laugh .""]",hidden bathrooms,positive,0,ambience general,good laugh
['Who has room for Cheesesticks with the best pizza in NYC !'],pizza,positive,0,food quality,best
"[""The rice to fish ration was also good -- they did n't try to overpack the rice .""]",rice to fish ration,positive,0,food style_options,good
"[""I 'd highly recommend it for a special occasion -- it provides and intimate setting and nice service .""]",setting,positive,0,ambience general,intimate
"[""I 'd highly recommend it for a special occasion -- it provides and intimate setting and nice service .""]",service,positive,0,service general,nice
"['Try the crunchy tuna , it is to die for .']",crunchy tuna,positive,0,food quality,Try
"['Try the crunchy tuna , it is to die for .']",crunchy tuna,positive,0,food quality,die for
"['Their calzones are horrific , bad , vomit-inducing , YUCK .']",calzones,negative,0,food quality,horrific
"['Their calzones are horrific , bad , vomit-inducing , YUCK .']",calzones,negative,0,food quality,bad
"['Their calzones are horrific , bad , vomit-inducing , YUCK .']",calzones,negative,0,food quality,vomit-inducing
"['Their calzones are horrific , bad , vomit-inducing , YUCK .']",calzones,negative,0,food quality,YUCK
['My chow fun and chow see was really bland and oily .'],chow fun and chow see,negative,0,food quality,bland
['My chow fun and chow see was really bland and oily .'],chow fun and chow see,negative,0,food quality,oily
"['The lamb was tender so full of flavor , the dessert was divine ! !']",lamb,positive,0,food quality,tender
"['The lamb was tender so full of flavor , the dessert was divine ! !']",dessert,positive,0,food quality,divine
"['Best of all is the warm vibe , the owner is super friendly and service is fast .']",vibe,positive,0,ambience general,warm
"['Best of all is the warm vibe , the owner is super friendly and service is fast .']",owner,positive,0,service general,friendly
"['Best of all is the warm vibe , the owner is super friendly and service is fast .']",service,positive,0,service general,fast
['fresh restaurant was amazing ... ... .. food was delicious and of course fresh .'],fresh restaurant,positive,0,restaurant general,fresh
['fresh restaurant was amazing ... ... .. food was delicious and of course fresh .'],fresh restaurant,positive,0,restaurant general,amazing
['fresh restaurant was amazing ... ... .. food was delicious and of course fresh .'],food,positive,0,food quality,delicious
['fresh restaurant was amazing ... ... .. food was delicious and of course fresh .'],food,positive,0,food quality,fresh
"['Great spot , whether looking for a couple of drinks or quiet dinner .']",spot,positive,0,restaurant general,Great
"['Great spot , whether looking for a couple of drinks or quiet dinner .']",spot,positive,0,restaurant miscellaneous,Great
['The service is good and ambience is good for a date or group outing .'],service,positive,0,service general,good
['The service is good and ambience is good for a date or group outing .'],ambience,positive,0,ambience general,good
['The lava cake dessert was incredible and I recommend it .'],lava cake dessert,positive,0,food quality,incredible
['The lava cake dessert was incredible and I recommend it .'],lava cake dessert,positive,0,food quality,recommend
['The only fallback on this restaurant is the prices .'],restaurant,negative,0,restaurant prices,fallback
['The staff there is very attentive and down to earth .'],staff,positive,0,service general,attentive
['The staff there is very attentive and down to earth .'],staff,positive,0,service general,down to earth
['The place is a lot of fun .'],place,positive,0,ambience general,fun
"['Small servings for main entree , i had salmon ( wasnt impressed ) girlfriend had chicken , it was good .']",salmon,negative,0,food quality,wasnt impressed
"['Small servings for main entree , i had salmon ( wasnt impressed ) girlfriend had chicken , it was good .']",chicken,positive,0,food quality,good
"['Small servings for main entree , i had salmon ( wasnt impressed ) girlfriend had chicken , it was good .']",servings for main entree,negative,0,food general,Small
['Somehow working the italian charm with constant mille grazie does not constitute proper service .'],service,negative,0,service general,not constitute proper
"['I found it on a cold night , the perfect spot to warm up .']",spot,positive,0,restaurant miscellaneous,perfect
"['Whenever you need a Sushi fix , Mizu will be there with quality fish and great service .']",fish,positive,0,food quality,quality
"['Whenever you need a Sushi fix , Mizu will be there with quality fish and great service .']",service,positive,0,service general,great
['The owner and staff are all Japanese as well and that adds to the entire ambiance .'],ambiance,positive,0,ambience general,adds
"['Great food , great decor , great service .']",food,positive,0,food quality,Great
"['Great food , great decor , great service .']",decor,positive,0,ambience general,great
"['Great food , great decor , great service .']",service,positive,0,service general,great
['I am reluctant to write because I would not want my jem of a pizza place to become overcrowded .'],pizza place,positive,0,restaurant miscellaneous,overcrowded
['Chennai Garden is my favorite Indian restaurant in the city .'],Chennai Garden,positive,0,restaurant general,favorite
"[""Once you step into Cosette , you 're miraculously in a small , off-the-beaten path Parisian bistro .""]",Cosette,positive,0,ambience general,off-the-beaten
"[""My husband said he could 've eaten several more , the portion was fine for me he even exclaimed that the french fries were the best he has had .""]",portion,positive,0,food style_options,fine
"[""My husband said he could 've eaten several more , the portion was fine for me he even exclaimed that the french fries were the best he has had .""]",french fries,positive,0,food quality,best
['$ 20 for all you can eat sushi can not be beaten .'],all you can eat sushi,positive,0,food prices,beaten
['The food is reliable and the price is moderate .'],food,positive,0,food quality,reliable
['I really liked this place .'],place,positive,0,restaurant general,liked
['the food is decent .'],food,neutral,0,food quality,decent
['I highly recommend the restaurant based on our experience last night .'],restaurant,positive,0,restaurant general,recommend
['The server was really cool and served us our food and drinks with a smile .'],server,positive,0,service general,cool
"[""Do n't miss Bloom 's on your next trip to Manhatten .""]",Bloom 's,positive,0,restaurant general,miss
"[""I think I 've had some the best meals of my life at minnow .""]",meals,positive,0,food quality,best
"[""We had Pam 's special fried fish and it was amazing .""]",Pam 's special fried fish,positive,0,food quality,amazing
['Service is average .'],Service,neutral,0,service general,average
"['Ask for Usha , the nicest bartender in manhattan .']",Usha,positive,0,service general,nicest
"['Great food , great prices , great service .']",food,positive,0,food quality,Great
"['Great food , great prices , great service .']",service,positive,0,service general,great
['Yakitori ( bbq meats ) is tasty too .'],Yakitori ( bbq meats ),positive,0,food quality,tasty
"['The food here is rather good , but only if you like to wait for it .']",food,positive,0,food quality,good
"['Pizza - the only pizza in NYC that should not have additional toppings - the crust tastes like the best , freshly baked bread !']",crust,positive,0,food quality,best
"['Pizza - the only pizza in NYC that should not have additional toppings - the crust tastes like the best , freshly baked bread !']",pizza,positive,0,food quality,should not have additional toppings
"['Ambience is so cute and quaint , good for business although we were there on vacation .']",Ambience,positive,0,ambience general,cute
"['Ambience is so cute and quaint , good for business although we were there on vacation .']",Ambience,positive,0,ambience general,quaint
"['Ambience is so cute and quaint , good for business although we were there on vacation .']",Ambience,positive,0,ambience general,good
['The fried dumplings are GREAT !'],fried dumplings,positive,0,food quality,GREAT
['When I lived upstate for a while I would buy freeze the bagels and they would still be better than any else .'],bagels,positive,0,food quality,better
['The lox is always fresh too .'],lox,positive,0,food quality,fresh
['Wait staff is blantently unappreciative of your business but its the best pie on the UWS !'],Wait staff,negative,0,service general,unappreciative
['Wait staff is blantently unappreciative of your business but its the best pie on the UWS !'],pie,positive,0,food quality,best
['We took advanatage of the half price sushi deal on saturday so it was well worth it .'],half price sushi deal,positive,0,food quality,worth
"['$ 6 and there is much tasty food , all of it fresh and continually refilled .']",food,positive,0,food quality,tasty
"['$ 6 and there is much tasty food , all of it fresh and continually refilled .']",food,positive,0,food quality,fresh
"['$ 6 and there is much tasty food , all of it fresh and continually refilled .']",food,positive,0,food prices,refilled
['The people that work there are always so friendly you forget you are in New York sometimes .'],people,positive,0,service general,friendly
"['It was the first place we ate on our first trip to New York , and it will be the last place we stop as we head out of town on our next trip to New York .']",place,positive,0,restaurant miscellaneous,the last place we stop
"['limited menu , no-so-fresh ingredients , thinly-sliced fish , fall-apart rice .']",menu,negative,0,food style_options,limited
"['limited menu , no-so-fresh ingredients , thinly-sliced fish , fall-apart rice .']",ingredients,negative,0,food quality,no-so-fresh
"['limited menu , no-so-fresh ingredients , thinly-sliced fish , fall-apart rice .']",fish,negative,0,food style_options,thinly-sliced
"['limited menu , no-so-fresh ingredients , thinly-sliced fish , fall-apart rice .']",rice,negative,0,food style_options,fall-apart
"[""The dishes offered were unique , very tasty and fresh from the lamb sausages , sardines with biscuits , large whole shrimp to the amazing pistachio ice cream ( the best and freshest I 've ever had ) .""]",dishes,positive,0,food quality,unique
"[""The dishes offered were unique , very tasty and fresh from the lamb sausages , sardines with biscuits , large whole shrimp to the amazing pistachio ice cream ( the best and freshest I 've ever had ) .""]",dishes,positive,0,food quality,tasty
"[""The dishes offered were unique , very tasty and fresh from the lamb sausages , sardines with biscuits , large whole shrimp to the amazing pistachio ice cream ( the best and freshest I 've ever had ) .""]",dishes,positive,0,food quality,fresh
"[""The dishes offered were unique , very tasty and fresh from the lamb sausages , sardines with biscuits , large whole shrimp to the amazing pistachio ice cream ( the best and freshest I 've ever had ) .""]",pistachio ice cream,positive,0,food quality,amazing
['The menu is very limited - i think we counted 4 or 5 entrees .'],menu,negative,0,food style_options,limited
"[""Raga 's is a romantic , cozy restaurant .""]",Raga 's,positive,0,ambience general,romantic
"[""Raga 's is a romantic , cozy restaurant .""]",Raga 's,positive,0,ambience general,cozy
['I highly recommend the Sophia pizza .'],Sophia pizza,positive,0,food quality,recommend
['The wine list is extensive and impressive .'],wine list,positive,0,drinks style_options,extensive
['The wine list is extensive and impressive .'],wine list,positive,0,drinks style_options,impressive
"['Excellent atmosphere , delicious dishes good and friendly service .']",atmosphere,positive,0,ambience general,Excellent
"['Excellent atmosphere , delicious dishes good and friendly service .']",dishes,positive,0,food quality,delicious
"['Excellent atmosphere , delicious dishes good and friendly service .']",service,positive,0,service general,good
"['Excellent atmosphere , delicious dishes good and friendly service .']",service,positive,0,service general,friendly
['We were greeted promptly by the waiter who was very nice and cordial .'],waiter,positive,0,service general,nice
['We were greeted promptly by the waiter who was very nice and cordial .'],waiter,positive,0,service general,cordial
"[""I 'm partial to the Gnocchi .""]",Gnocchi,positive,0,restaurant general,partial
"[""I highly recommend Cafe St. Bart 's for their food , the ambience and wonderful service .""]",food,positive,0,food quality,recommend
"[""I highly recommend Cafe St. Bart 's for their food , the ambience and wonderful service .""]",ambience,positive,0,ambience general,recommend
"[""I highly recommend Cafe St. Bart 's for their food , the ambience and wonderful service .""]",service,positive,0,service general,recommend
"[""I highly recommend Cafe St. Bart 's for their food , the ambience and wonderful service .""]",service,positive,0,service general,wonderful
['Salads are a delicious way to begin the meal .'],Salads,positive,0,food quality,delicious
['Amma is nothing special .'],Amma,neutral,0,restaurant general,nothing special
"['My friends settled for rice dishes , but we came back the following day to try the dim sum , which was good ... not outstanding , but good .']",dim sum,neutral,0,food quality,good
"['My friends settled for rice dishes , but we came back the following day to try the dim sum , which was good ... not outstanding , but good .']",dim sum,neutral,0,food quality,not outstanding
"['For authentic Thai food , look no further than Toons .']",Thai food,positive,0,food quality,authentic
['We both opted for a pasta dish and they were served timely and fresh .'],pasta dish,positive,0,food quality,fresh
"['He served me an Uni Hand roll , which I never had before , and let me tell you ... IT WAS HEAVEN !']",Uni Hand roll,positive,0,food quality,HEAVEN
['We were 4 and got the family size penne a la vodka which was tremendously gigantic portion ... a bucket of food literally .'],penne a la vodka,positive,0,food style_options,gigantic
['Downstairs lounge is always a good attraction'],Downstairs lounge,positive,0,ambience general,good attraction
['This is a nice restaurant if you are looking for a good place to host an intimate dinner meeting with business associates .'],restaurant,positive,0,restaurant miscellaneous,nice
['Service was very prompt but slightly rushed .'],Service,positive,0,service general,prompt
['Service was very prompt but slightly rushed .'],Service,positive,0,service general,rushed
['My boyfriend had Prime Rib it was good .'],Prime Rib,positive,0,food quality,good
['Consistently good Japanese Tapas .'],Japanese Tapas,positive,0,food quality,good
['Great food and the prices are very reasonable .'],food,positive,0,food quality,Great
['The place itself is beautiful the bar scene seems to be happening .'],place,positive,0,ambience general,beautiful
['The service was excellent - friendly and attentive .'],service,positive,0,service general,excellent
['The service was excellent - friendly and attentive .'],service,positive,0,service general,friendly
['The service was excellent - friendly and attentive .'],service,positive,0,service general,attentive
"['The waitress , seems to be more concerned of looking good than actually waitressing .']",waitress,negative,0,service general,more concerned of looking good
['This is my first time writing a review for a restaurant because the food and service was excellent .'],food,positive,0,food quality,excellent
['This is my first time writing a review for a restaurant because the food and service was excellent .'],service,positive,0,service general,excellent
['The bagel was huge .'],bagel,positive,0,food style_options,huge
['I really like both the scallops and the mahi mahi ( on saffron risotto yum ! ) .'],scallops,positive,0,food quality,like
['I really like both the scallops and the mahi mahi ( on saffron risotto yum ! ) .'],mahi mahi ( on saffron risotto,positive,0,food quality,like
['Service was quick .'],Service,positive,0,service general,quick
"[""it 's a perfect place to have a amazing indian food .""]",indian food,positive,0,food quality,amazing
"['I had their eggs benedict for brunch , which were the worst in my entire life , I tried removing the hollondaise sauce completely that was how failed it was .']",eggs benedict,negative,0,food quality,worst
"['The freshest , best variety , and the fastest delivery .']",delivery,positive,0,service general,fastest
"[""Too bad the food was n't of the same heritage .""]",food,negative,0,food quality,bad
"['Leon is an East Village gem : casual but hip , with well prepared basic French bistro fare , good specials , a warm and lively atmosphere .']",Leon,positive,0,ambience general,casual
"['Leon is an East Village gem : casual but hip , with well prepared basic French bistro fare , good specials , a warm and lively atmosphere .']",Leon,positive,0,ambience general,hip
"['Leon is an East Village gem : casual but hip , with well prepared basic French bistro fare , good specials , a warm and lively atmosphere .']",specials,positive,0,food quality,good
"['Leon is an East Village gem : casual but hip , with well prepared basic French bistro fare , good specials , a warm and lively atmosphere .']",atmosphere,positive,0,ambience general,warm
"['Leon is an East Village gem : casual but hip , with well prepared basic French bistro fare , good specials , a warm and lively atmosphere .']",atmosphere,positive,0,ambience general,lively
"['Leon is an East Village gem : casual but hip , with well prepared basic French bistro fare , good specials , a warm and lively atmosphere .']",French bistro fare,positive,0,food quality,well prepared
"['Downtown Dinner 2002 - Prixe fix : Appetizers were ok , waiter gave me poor suggestion ... try the potato stuff kanish best one .']",Appetizers,neutral,0,food quality,ok
"['Downtown Dinner 2002 - Prixe fix : Appetizers were ok , waiter gave me poor suggestion ... try the potato stuff kanish best one .']",waiter,negative,0,service general,poor
"['Downtown Dinner 2002 - Prixe fix : Appetizers were ok , waiter gave me poor suggestion ... try the potato stuff kanish best one .']",potato stuff kanish,positive,0,food quality,try
"['Downtown Dinner 2002 - Prixe fix : Appetizers were ok , waiter gave me poor suggestion ... try the potato stuff kanish best one .']",potato stuff kanish,positive,0,food quality,best
"[""I take all my NYC guests to VT 's .""]",VT 's,positive,0,restaurant miscellaneous,take all my NYC guests
"[""The seafood is amazing , there 's a good wine list , and the ever-changing menu always offers some great surprises .""]",seafood,positive,0,food quality,amazing
"[""The seafood is amazing , there 's a good wine list , and the ever-changing menu always offers some great surprises .""]",wine list,positive,0,drinks style_options,good
"[""The seafood is amazing , there 's a good wine list , and the ever-changing menu always offers some great surprises .""]",menu,positive,0,food style_options,ever-changing
"[""The seafood is amazing , there 's a good wine list , and the ever-changing menu always offers some great surprises .""]",menu,positive,0,food style_options,great surprises
"[""In any event , this is a place I 'll be sure to stop by again when I 'm in this part of town .""]",place,positive,0,restaurant general,stop by again
['They have a huge selection of different cream cheeses and all of their salads are great .'],salads,positive,0,food quality,great
['They have a huge selection of different cream cheeses and all of their salads are great .'],cream cheeses,positive,0,food style_options,huge
['They have a huge selection of different cream cheeses and all of their salads are great .'],cream cheeses,positive,0,food style_options,different
['I loved everythig about it-especially the shows and actors .'],shows,positive,0,ambience general,loved
['I loved everythig about it-especially the shows and actors .'],actors,positive,0,ambience general,loved
['The staff is no nonsense .'],staff,positive,0,service general,no nonsense
['And evaluated on those terms Pastis is simply wonderful .'],Pastis,positive,0,restaurant general,wonderful
['We had the lobster sandwich and it was FANTASTIC .'],lobster sandwich,positive,0,food quality,FANTASTIC
['Beef noodle soup is good as well .'],Beef noodle soup,positive,0,food quality,good
['The lobster sandwich is $ 24 and although it was good it was not nearly enough to warrant that price .'],lobster sandwich,positive,0,food quality,good
['The lobster sandwich is $ 24 and although it was good it was not nearly enough to warrant that price .'],lobster sandwich,negative,0,food prices,not nearly enough to warrant that price
['The price is reasonable although the service is poor .'],service,negative,0,service general,poor
"[""however , it 's the service that leaves a bad taste in my mouth .""]",service,negative,0,service general,bad taste
"['However , go for the ambience , and consider the food just a companion for a trip across the world !']",food,neutral,0,food quality,a companion for a trip across the world 
"[""I really loved the different and inovated touch that 's the cheff gives to the food .""]",cheff,positive,0,food style_options,loved
"[""I really loved the different and inovated touch that 's the cheff gives to the food .""]",cheff,positive,0,food style_options,inovated
"['the pad se ew chicken was delicious , however the pad thai was far too oily .']",pad se ew chicken,positive,0,food quality,delicious
"['the pad se ew chicken was delicious , however the pad thai was far too oily .']",pad thai,negative,0,food quality,oily
['The wine list is extensive and can easily hike up an otherwise reasonably priced meal .'],wine list,positive,0,drinks style_options,extensive
['The wine list is extensive and can easily hike up an otherwise reasonably priced meal .'],meal,positive,0,food prices,reasonably priced
"['Service was very good - prompt , attentive and non-intrusive .']",Service,positive,0,service general,good
"['Service was very good - prompt , attentive and non-intrusive .']",Service,positive,0,service general,prompt
"['Service was very good - prompt , attentive and non-intrusive .']",Service,positive,0,service general,attentive
"['Service was very good - prompt , attentive and non-intrusive .']",Service,positive,0,service general,non-intrusive
"[""The baked clams octopus we shared as appetizers were the best we 've ever had ! !""]",baked clams octopus,positive,0,food quality,best
['I expected quite a bit more from such an expensive menu .'],menu,negative,0,food prices,expensive
['I expected quite a bit more from such an expensive menu .'],menu,negative,0,food quality,expensive
"['Service is not exactly five star , but thats not really a big deal .']",Service,neutral,0,service general,not exactly five star
"['Food is usually very good , though ocasionally I wondered about freshmess of raw vegatables in side orders .']",Food,positive,0,food quality,good
"['Food is usually very good , though ocasionally I wondered about freshmess of raw vegatables in side orders .']",raw vegatables in side orders,negative,0,food quality,wondered about freshmess
['By far the best salad I have had in a fast food restaurant .'],salad,positive,0,food quality,best
['We ended our great experience by having Gulab Jamun ( dessert ) recommended by the waiter .'],Gulab Jamun ( dessert ),positive,0,food quality,great
['Wine list selection is good and wine-by-the-glass was generously filled to the top .'],Wine list selection,positive,0,drinks style_options,good
['Wine list selection is good and wine-by-the-glass was generously filled to the top .'],wine-by-the-glass,positive,0,drinks style_options,generously filled
['Good food .'],food,positive,0,food quality,Good
['The tuna and wasabe potatoes are excellent .'],tuna,positive,0,food quality,excellent
['The tuna and wasabe potatoes are excellent .'],wasabe potatoes,positive,0,food quality,excellent
['This place is worth an one-hour drive .'],place,positive,0,restaurant general,worth
['I recieved prompt service with a smile .'],service,positive,0,service general,prompt
"['Rude service , medicore food ... there are tons of restaurants in NY ... stay away from this one']",service,negative,0,service general,Rude
"['Rude service , medicore food ... there are tons of restaurants in NY ... stay away from this one']",food,neutral,0,food quality,medicore
['even the wine by the glass was good .'],wine by the glass,positive,0,drinks quality,good
['Ess-A-Bagel ( either by Sty-town or midtown ) is by far the best bagel in NY .'],bagel,positive,0,food quality,best
['The sangria was pretty tasty and good on a hot muggy day .'],sangria,positive,0,drinks quality,tasty
['The sangria was pretty tasty and good on a hot muggy day .'],sangria,positive,0,drinks quality,good
"[""Authentic Taiwanese food that 's cheap ... what more could you ask for ?""]",Taiwanese food,positive,0,food quality,Authentic
"[""Authentic Taiwanese food that 's cheap ... what more could you ask for ?""]",Taiwanese food,positive,0,food prices,cheap
"['The in-house lady DJ on Saturday nights has outrageously good taste in music , and moreover , takes requests .']",in-house lady DJ,positive,0,ambience general,good taste
['The dining room is quietly elegant with no music to shout over -- how refreshing !'],dining room,positive,0,ambience general,elegant
['The dining room is quietly elegant with no music to shout over -- how refreshing !'],dining room,positive,0,ambience general,refreshing
['This is a wonderful place on all stand points especially value ofr money .'],place,positive,0,restaurant prices,wonderful
['This is a wonderful place on all stand points especially value ofr money .'],place,positive,0,restaurant general,wonderful
"[""This was my frist time at Cafe St. Bart 's and I must say how delicious the food and the service was .""]",food,positive,0,food quality,delicious
"['Food was very good as well , considering that we tried the budget selection ( though I wish the pork belly that I ordered was roasted a bit longer , so that fat was more of a melt-in-your-mouth experience ) .']",Food,positive,0,food quality,good
"['Food was very good as well , considering that we tried the budget selection ( though I wish the pork belly that I ordered was roasted a bit longer , so that fat was more of a melt-in-your-mouth experience ) .']",pork belly,negative,0,food quality,roasted a bit longer
['The wine the service was very good too .'],wine,positive,0,drinks quality,good
['The wine the service was very good too .'],service,positive,0,service general,good
['The only problem is that the manager is a complete incompetent .'],manager,negative,0,service general,incompetent
['Mine was a little burnt but still delicious with goat cheese and panchetta ( raddichio was kind of bitter though ) .'],raddichio,negative,0,food quality,bitter
['The service is awful .'],service,negative,0,service general,awful
['This place has the the correct ambience and an excellent staff to make you feel like a guest and a friend at the same time .'],ambience,positive,0,ambience general,correct
['This place has the the correct ambience and an excellent staff to make you feel like a guest and a friend at the same time .'],staff,positive,0,service general,excellent
['Service is not what one would expect from a joint in this price category .'],Service,negative,0,service general,not what one would expect
"['Calling the place Hampton Chutney Co. does warn you that these folks offer more style than substance , but in this unattractive room with unhelpful clerks there was a dearth of the former too .']",place,negative,0,restaurant general,unattractive
"['Calling the place Hampton Chutney Co. does warn you that these folks offer more style than substance , but in this unattractive room with unhelpful clerks there was a dearth of the former too .']",room,negative,0,ambience general,unattractive
"['Calling the place Hampton Chutney Co. does warn you that these folks offer more style than substance , but in this unattractive room with unhelpful clerks there was a dearth of the former too .']",clerks,negative,0,service general,unhelpful
['My friend devoured her chicken and mashed potatos .'],chicken and mashed potatos,positive,0,food quality,devoured
['Although we were looking for regular lettuce and some walnuts the salads we got were great .'],salads,positive,0,food quality,great
['Great bagels made the old-fashioned way .'],bagels,positive,0,food quality,Great
['Great bagels made the old-fashioned way .'],bagels,positive,0,food style_options,Great
"[""It 's boring on the inside , and our sushi was pretty below average ... the tuna was soggy and the other rolls had no flavor .""]",sushi,negative,0,food quality,below average
"[""It 's boring on the inside , and our sushi was pretty below average ... the tuna was soggy and the other rolls had no flavor .""]",tuna,negative,0,food quality,soggy
"[""It 's boring on the inside , and our sushi was pretty below average ... the tuna was soggy and the other rolls had no flavor .""]",rolls,negative,0,food quality,no flavor
['We were seated outside and the waiter spilled red wine and hot tea on myself and my date .'],waiter,negative,0,service general,spilled
['Delivery is fast too .'],Delivery,positive,0,service general,fast
['My friend got the mushroom pizza which tasted better .'],mushroom pizza,positive,0,food quality,better
['Go to Volare for 1st class service and terrific food .'],service,positive,0,service general,1st class
['Go to Volare for 1st class service and terrific food .'],food,positive,0,food quality,terrific
"['I found the food to be outstanding , particulary the salmon dish I had .']",food,positive,0,food quality,outstanding
"['I found the food to be outstanding , particulary the salmon dish I had .']",salmon dish,positive,0,food quality,outstanding
['The outdoor atmosphere of sitting on the sidewalk watching the world go by 50 feet away on 6th avenue on a cool evening was wonderful .'],outdoor atmosphere,positive,0,location general,wonderful
"[""If you 've ever been along the river in Weehawken you have an idea of the top of view the chart house has to offer .""]",view,positive,0,location general,the top of view the chart house has to offer
['Try the sea bass .'],sea bass,positive,0,food quality,Try
['the waitstaffs are nice though .'],waitstaffs,positive,0,service general,nice
"['The food was not fresh , the sauces were bland and very oily .']",food,negative,0,food quality,not fresh
"['The food was not fresh , the sauces were bland and very oily .']",sauces,negative,0,food quality,bland
"['The food was not fresh , the sauces were bland and very oily .']",sauces,negative,0,food quality,oily
['Although they do the typical what kind of water would you like questions the service was good and overall very relaxing to place to eat .'],service,positive,0,service general,good
['Although they do the typical what kind of water would you like questions the service was good and overall very relaxing to place to eat .'],place,positive,0,ambience general,relaxing
"['( The asparagus , truffle oil , parmesan bruschetta is a winner ! )']","asparagus , truffle oil , parmesan bruschetta",positive,0,food quality,winner
['Great pizza and fantastic service .'],pizza,positive,0,food quality,Great
['Great pizza and fantastic service .'],service,positive,0,service general,fantastic
"[""As a Japanese native , I 've lived in the Tristate area for over 8 years , but I was just so amazed at this place .""]",place,positive,0,restaurant general,amazed
['You must try the shrimp appetizers .'],shrimp appetizers,positive,0,food quality,try
"[""I would recommend Roxy 's for that , but not for their food .""]",food,negative,0,food quality,recommend
['The pizza was pretty good and huge .'],pizza,positive,0,food quality,good
['The pizza was pretty good and huge .'],pizza,positive,0,food style_options,huge
['The workers there also absolutely load the bagel with cream cheese ( gets a little messy ) .'],bagel,negative,0,food style_options,messy
['this little place has a cute interior decor and affordable city prices .'],interior decor,positive,0,ambience general,cute
['this little place has a cute interior decor and affordable city prices .'],place,positive,0,restaurant prices,little
"[""I come from a family of pizzeria owners , and I 'm almost ashamed to say that the pizza in Fornino 's blows my families receipies away .""]",pizza,positive,0,food quality,ashamed
"['The porcini mushroom pasta special was tasteless , so was the seafood tagliatelle .']",porcini mushroom pasta special,negative,0,food quality,tasteless
"['The porcini mushroom pasta special was tasteless , so was the seafood tagliatelle .']",seafood tagliatelle,negative,0,food quality,tasteless
['The food is okay and the prices here are mediocre .'],food,neutral,0,food quality,okay
['The food is great and reasonably priced .'],food,positive,0,food quality,great
['The food is great and reasonably priced .'],food,positive,0,food prices,reasonably priced
['I had the best ravioli ever .'],ravioli,positive,0,food quality,best
['Their pad penang is delicious and everything else is fantastic .'],pad penang,positive,0,food quality,delicious
['Fresh ingredients and everything is made to order .'],ingredients,positive,0,food quality,Fresh
"[""also it 's great to have dinner in a very romantic and comfortable place , the service it 's just perfect ... they 're so frendly that we never want to live the place !""]",place,positive,0,ambience general,romantic
"[""also it 's great to have dinner in a very romantic and comfortable place , the service it 's just perfect ... they 're so frendly that we never want to live the place !""]",place,positive,0,ambience general,comfortable
"[""also it 's great to have dinner in a very romantic and comfortable place , the service it 's just perfect ... they 're so frendly that we never want to live the place !""]",service,positive,0,service general,perfect
"[""The dosas are skimpy , unattractive and drip with grease , and personally I 'd drink popcorn topping before I 'd eat another one of these .""]",dosas,negative,0,food style_options,skimpy
"[""The dosas are skimpy , unattractive and drip with grease , and personally I 'd drink popcorn topping before I 'd eat another one of these .""]",dosas,negative,0,food quality,unattractive
['The bar is very well stocked with interesting beers and well priced wines .'],bar,positive,0,drinks style_options,well stocked
['The bar is very well stocked with interesting beers and well priced wines .'],beers,positive,0,drinks style_options,interesting
['The bar is very well stocked with interesting beers and well priced wines .'],wines,positive,0,drinks prices,well priced
['Very affordable and excellent ambient !'],ambient,positive,0,ambience general,excellent
"[""The mussles were the fishiest things I 've ever tasted , the seabass was bland , the goat cheese salad was missing the goat cheese , the penne w/ chicken had bones in it ... It was disgusting .""]",mussles,negative,0,food quality,fishiest
"[""The mussles were the fishiest things I 've ever tasted , the seabass was bland , the goat cheese salad was missing the goat cheese , the penne w/ chicken had bones in it ... It was disgusting .""]",seabass,negative,0,food quality,bland
"[""The mussles were the fishiest things I 've ever tasted , the seabass was bland , the goat cheese salad was missing the goat cheese , the penne w/ chicken had bones in it ... It was disgusting .""]",goat cheese salad,negative,0,food quality,missing
"[""The mussles were the fishiest things I 've ever tasted , the seabass was bland , the goat cheese salad was missing the goat cheese , the penne w/ chicken had bones in it ... It was disgusting .""]",penne w/ chicken,negative,0,food quality,disgusting
"['I tend to judge a sushi restaurant by its sea urchin , which was heavenly at sushi rose .']",sea urchin,positive,0,food quality,heavenly
"['Service was prompt , friendly and great .']",Service,positive,0,service general,prompt
"['Service was prompt , friendly and great .']",Service,positive,0,service general,friendly
"['Service was prompt , friendly and great .']",Service,positive,0,service general,great
"['We , there were four of us , arrived at noon - the place was empty - and the staff acted like we were imposing on them and they were very rude .']",staff,negative,0,service general,rude
['sometimes i get good food and ok service .'],food,positive,0,food quality,good
['sometimes i get good food and ok service .'],service,neutral,0,service general,ok
['Service friendly and attentive .'],Service,positive,0,service general,friendly
['Service friendly and attentive .'],Service,positive,0,service general,attentive
['My fav was the sassy lassi ...'],sassy lassi,positive,0,drinks quality,fav
['This place is always packed .'],place,neutral,0,ambience general,packed
"[""Everytime I decide to try another place on the UES , I get angry that I did n't just go to Zucchero Pomodori .""]",Zucchero Pomodori,positive,0,restaurant general,did n't just go to
"['After dinner the manager grabbed my boyfriend , asked him : Where are you from ... maybe you dont know how things work in America ... and in the end stormed away almost teareyed yelling that tips are the only thing they survive on .']",manager,negative,0,service general,yelling
['The filet mignon dish was superb !'],filet mignon dish,positive,0,food quality,superb
['Service was prompt and courteous .'],Service,positive,0,service general,prompt
['Service was prompt and courteous .'],Service,positive,0,service general,courteous
"[""I 'm still mad that i had to pay for lousy food .""]",food,negative,0,food quality,lousy
['The lobster sandwich is good and the spaghetti with Scallops and Shrimp is great .'],lobster sandwich,positive,0,food quality,good
['The lobster sandwich is good and the spaghetti with Scallops and Shrimp is great .'],spaghetti with Scallops and Shrimp,positive,0,food quality,great
['Patroon features a nice cigar bar and has great staff .'],cigar bar,positive,0,ambience general,nice
['Patroon features a nice cigar bar and has great staff .'],staff,positive,0,service general,great
['There is no excuse for such lousy service !'],service,negative,0,service general,lousy
"['Seriously , this place kicks ass .']",place,positive,0,restaurant general,kicks ass
['The food was absolutely amazing ! !'],food,positive,0,food quality,amazing
['This is an amazing place to try some roti rolls .'],roti rolls,positive,0,food quality,try
"['We love the food , drinks , and atmosphere !']",food,positive,0,food quality,love
"['We love the food , drinks , and atmosphere !']",drinks,positive,0,drinks quality,love
"['We love the food , drinks , and atmosphere !']",atmosphere,positive,0,ambience general,love
['Hats off to the chef .'],chef,positive,0,food quality,Hats off
['This is by far my favorite place in the neighborhood .'],place,positive,0,restaurant general,favorite
['The portions are large and the servers always surprise us with a different starter .'],portions,positive,0,food style_options,large
"[""There is a downside if you 're ordering in -- the delivery guys have MAJOR attitude .""]",delivery guys,negative,0,service general,downside
['This place is the most Japanese it can ever get .'],place,positive,0,restaurant miscellaneous,Japanese
['Waitstaff are very friendly .'],Waitstaff,positive,0,service general,friendly
['I have to say I have never had a disapointing meal here .'],meal,positive,0,food quality,never had a disapointing
"['The service was attentive , yet discreet .']",service,positive,0,service general,attentive
"['The service was attentive , yet discreet .']",service,positive,0,service general,discreet
"['The waitress moved our table practically into the bathroom and when we asked to cancel our dinner orders because we did not want to eat sitting on the toilet , we were told no ...']",waitress,negative,0,service general,sitting on the toilet
"['And it all comes at a very reasonable price ( congee , noodles , and rice dishes are no more than $ 3-6 each ) .']",congee,positive,0,food prices,no more than $ 3-6 each
"['And it all comes at a very reasonable price ( congee , noodles , and rice dishes are no more than $ 3-6 each ) .']",noodles,positive,0,food prices,no more than $ 3-6 each
"['And it all comes at a very reasonable price ( congee , noodles , and rice dishes are no more than $ 3-6 each ) .']",rice dishes,positive,0,food prices,no more than $ 3-6 each
['Make sure you have the Spicy Scallop roll ...'],Spicy Scallop roll,positive,0,food quality,Make sure
"[""However , if you want great food at a great price and do n't mind the decor , you ca n't beat this place .""]",food,positive,0,food quality,great
"[""However , if you want great food at a great price and do n't mind the decor , you ca n't beat this place .""]",food,positive,0,food prices,great
"['During the course of the past 3 months , the chef and staff changed and it was not for the better .']",chef,negative,0,food quality,changed
"['During the course of the past 3 months , the chef and staff changed and it was not for the better .']",staff,negative,0,service general,changed
"[""The food can get pricey but the prixe fixe tasting menu is the greatest food for a good price and they cater the food to any food allergies or food you do n't like .""]",food,negative,0,food prices,pricey
"[""The food can get pricey but the prixe fixe tasting menu is the greatest food for a good price and they cater the food to any food allergies or food you do n't like .""]",prixe fixe tasting menu,positive,0,food quality,greatest
"[""The food can get pricey but the prixe fixe tasting menu is the greatest food for a good price and they cater the food to any food allergies or food you do n't like .""]",prixe fixe tasting menu,positive,0,food prices,greatest
"['i happen to have a policy that goes along with a little bit of self-respect , which includes not letting a waiter intimidate me , i.e . make me feel bad asking for trivialities like water , or the check .']",waiter,negative,0,service general,bad
['I got an excellent piece of cheesecake and we had several other nice pastries .'],cheesecake,positive,0,food quality,excellent
['I got an excellent piece of cheesecake and we had several other nice pastries .'],pastries,positive,0,food quality,nice
['The service was friendly and the atmosphere was casual .'],service,positive,0,service general,friendly
['The service was friendly and the atmosphere was casual .'],atmosphere,neutral,0,ambience general,casual
['Definitely a great spot for a nice occasion or date .'],spot,positive,0,restaurant miscellaneous,great
['Staff is very accomodating .'],Staff,positive,0,service general,accomodating
['I asked for an open faced cheese sandwich and the manager basically told me to take my business elsewhere !'],manager,negative,0,service general,take my business elsewhere
"[""Rao 's has the best service and atmosphere in NYC .""]",service,positive,0,service general,best
"[""Rao 's has the best service and atmosphere in NYC .""]",atmosphere,positive,0,ambience general,best
"[""Consequently , their burgers fell apart in their hands and made such a mess that they did'nt feel like finishing them .""]",burgers,negative,0,food style_options,fell apart
['The seats are uncomfortable if you are sitting against the wall on wooden benches .'],seats,negative,0,ambience general,uncomfortable
['The food was delicious but do not come here on a empty stomach .'],food,positive,0,food quality,delicious
"['Try the congee and the donut like deep fried dough they call Ow Ley Soh , a delicious and sweet tasting bread .']",congee,positive,0,food quality,Try
"['Try the congee and the donut like deep fried dough they call Ow Ley Soh , a delicious and sweet tasting bread .']",Ow Ley Soh,positive,0,food quality,delicious
"['Try the congee and the donut like deep fried dough they call Ow Ley Soh , a delicious and sweet tasting bread .']",Ow Ley Soh,positive,0,food quality,sweet
['I lOVE THIS PLACE !'],PLACE,positive,0,restaurant general,lOVE
"[""Volare virgins or weekly regulars , everyone gets treated the same and you ca n't ask for more than that when the service is this friendly .""]",service,positive,0,service general,friendly
['I absolutely Loved this place .'],place,positive,0,restaurant general,Loved
['Saul is the best restaurant on Smith Street and in Brooklyn .'],Saul,positive,0,restaurant general,best
['Fish was overdone .'],Fish,negative,0,food quality,overdone
"[""Excellent spot for holiday get togethers with co-workers or friends that you have n't seen in a while .""]",spot,positive,0,restaurant miscellaneous,Excellent
"[""I have tried to make reservations , but both times , the hostess did n't have my name .""]",hostess,negative,0,service general,did n't have my name
"['I also ordered the Change Mojito , which was out of this world .']",Change Mojito,positive,0,drinks quality,out of this world
"[""We ate out in the back patio , which is worth it as it 's cool and the music is hear well there .""]",back patio,positive,0,ambience general,worth
"[""We ate out in the back patio , which is worth it as it 's cool and the music is hear well there .""]",back patio,positive,0,ambience general,cool
"[""We ate out in the back patio , which is worth it as it 's cool and the music is hear well there .""]",music,positive,0,ambience general,well
"[""I 've lived in NY for 5 years and this place has it all .""]",place,positive,0,restaurant general,has it all
['The Yellowtail was particularly good as well .'],Yellowtail,positive,0,food quality,good
['The drinks are always welll made and wine selection is fairly priced .'],drinks,positive,0,drinks quality,welll made
['The drinks are always welll made and wine selection is fairly priced .'],wine selection,positive,0,drinks prices,fairly priced
['Ingredients are organic which is a real plus for me .'],Ingredients,positive,0,food quality,organic
['Ingredients are organic which is a real plus for me .'],Ingredients,positive,0,food quality,plus
['Dessert is a joke ... dont bother'],Dessert,negative,0,food quality,joke
['Cheese plate is a varied delight and great bargain at $ 10 .'],Cheese plate,positive,0,food quality,varied delight
['Cheese plate is a varied delight and great bargain at $ 10 .'],Cheese plate,positive,0,food style_options,varied delight
['Cheese plate is a varied delight and great bargain at $ 10 .'],Cheese plate,positive,0,food prices,great bargain
"[""The wait staff is pleasant , fun , and for the most part gorgeous ( in the wonderful aesthetic beautification way , not in that she 's-way-cuter-than-me-that-b @ # $ * way ) .""]",wait staff,positive,0,service general,pleasant
"[""The wait staff is pleasant , fun , and for the most part gorgeous ( in the wonderful aesthetic beautification way , not in that she 's-way-cuter-than-me-that-b @ # $ * way ) .""]",wait staff,positive,0,service general,fun
"[""The wait staff is pleasant , fun , and for the most part gorgeous ( in the wonderful aesthetic beautification way , not in that she 's-way-cuter-than-me-that-b @ # $ * way ) .""]",wait staff,positive,0,service general,gorgeous
"['Great service , great food .']",service,positive,0,service general,Great
"['Great service , great food .']",food,positive,0,food quality,great
"['We concluded with tiramisu chocolate cake , both were delicious .']",tiramisu chocolate cake,positive,0,food quality,delicious
"['We are very particular about sushi and were both please with every choice which included : ceviche mix ( special ) , crab dumplings , assorted sashimi , sushi and rolls , two types of sake , and the banana tempura .']",sushi,positive,0,food quality,particular
"['We are very particular about sushi and were both please with every choice which included : ceviche mix ( special ) , crab dumplings , assorted sashimi , sushi and rolls , two types of sake , and the banana tempura .']",ceviche mix ( special ),positive,0,food quality,please
"['We are very particular about sushi and were both please with every choice which included : ceviche mix ( special ) , crab dumplings , assorted sashimi , sushi and rolls , two types of sake , and the banana tempura .']",crab dumplings,positive,0,food quality,please
"['We are very particular about sushi and were both please with every choice which included : ceviche mix ( special ) , crab dumplings , assorted sashimi , sushi and rolls , two types of sake , and the banana tempura .']",assorted sashimi,positive,0,food quality,please
"['We are very particular about sushi and were both please with every choice which included : ceviche mix ( special ) , crab dumplings , assorted sashimi , sushi and rolls , two types of sake , and the banana tempura .']",sushi,positive,0,food quality,particular
"['We are very particular about sushi and were both please with every choice which included : ceviche mix ( special ) , crab dumplings , assorted sashimi , sushi and rolls , two types of sake , and the banana tempura .']",rolls,positive,0,food quality,please
"['We are very particular about sushi and were both please with every choice which included : ceviche mix ( special ) , crab dumplings , assorted sashimi , sushi and rolls , two types of sake , and the banana tempura .']",two types of sake,positive,0,drinks quality,please
"['We are very particular about sushi and were both please with every choice which included : ceviche mix ( special ) , crab dumplings , assorted sashimi , sushi and rolls , two types of sake , and the banana tempura .']",banana tempura,positive,0,food quality,please
"[""It 's a small cute restaurant .""]",restaurant,positive,0,restaurant general,small cute
['The staff offers impeccable service .'],staff,positive,0,service general,impeccable
"[""Drawbacks : service is slow and they do n't toast !""]",service,negative,0,service general,slow
['THe Pizza and wine were excellent -- the service too -- but what really MADE this place was the backyard dining area .'],Pizza,positive,0,food quality,excellent
['THe Pizza and wine were excellent -- the service too -- but what really MADE this place was the backyard dining area .'],wine,positive,0,drinks quality,excellent
['THe Pizza and wine were excellent -- the service too -- but what really MADE this place was the backyard dining area .'],service,positive,0,service general,excellent
"[""The wait staff is very freindly , they make it feel like you 're eating in a freindly little european town .""]",wait staff,positive,0,service general,freindly
['They have authentic Indian at amazin prices .'],Indian,positive,0,food quality,authentic
['They have authentic Indian at amazin prices .'],Indian,positive,0,food prices,authentic
"[""You can get a completely delish martini in a glass ( that 's about 2 1/2 drinks ) for $ 8.50 ( I recommend the Vanilla Shanty , mmmm ! ) in a great homey setting with great music .""]",martini,positive,0,drinks quality,delish
"[""You can get a completely delish martini in a glass ( that 's about 2 1/2 drinks ) for $ 8.50 ( I recommend the Vanilla Shanty , mmmm ! ) in a great homey setting with great music .""]",martini,positive,0,drinks style_options,delish
"[""You can get a completely delish martini in a glass ( that 's about 2 1/2 drinks ) for $ 8.50 ( I recommend the Vanilla Shanty , mmmm ! ) in a great homey setting with great music .""]",martini,positive,0,drinks prices,delish
"[""You can get a completely delish martini in a glass ( that 's about 2 1/2 drinks ) for $ 8.50 ( I recommend the Vanilla Shanty , mmmm ! ) in a great homey setting with great music .""]",Vanilla Shanty,positive,0,drinks quality,recommend
"[""You can get a completely delish martini in a glass ( that 's about 2 1/2 drinks ) for $ 8.50 ( I recommend the Vanilla Shanty , mmmm ! ) in a great homey setting with great music .""]",setting,positive,0,ambience general,homey
"[""You can get a completely delish martini in a glass ( that 's about 2 1/2 drinks ) for $ 8.50 ( I recommend the Vanilla Shanty , mmmm ! ) in a great homey setting with great music .""]",music,positive,0,ambience general,great
"['Judging from previous posts this used to be a good place , but not any longer .']",place,negative,0,restaurant general,used to be a good
"['Even though its good seafood , the prices are too high .']",seafood,positive,0,food quality,good
['Worth visiting the 1st Ave spot because it is the original store .'],1st Ave spot,positive,0,restaurant miscellaneous,Worth visiting
['( Always ask the bartender for the SEASONAL beer ! ! !'],SEASONAL beer,positive,0,drinks quality,Always ask
['Salads were fantastic .'],Salads,positive,0,food quality,fantastic
"['Always a nice crowd , but never loud .']",crowd,positive,0,restaurant miscellaneous,nice
"['The large selection of bruschettas , paninis , tramezzinis keep the palate from stagnating .']",bruschettas,positive,0,food style_options,large selection
"['The large selection of bruschettas , paninis , tramezzinis keep the palate from stagnating .']",paninis,positive,0,food style_options,large selection
"['The large selection of bruschettas , paninis , tramezzinis keep the palate from stagnating .']",tramezzinis,positive,0,food style_options,large selection
"['The have over 100 different beers to offer thier guest so that made my husband very happy and the food was delicious , if I must recommend a dish it must be the pumkin tortelini .']",beers,positive,0,drinks style_options,happy
"['The have over 100 different beers to offer thier guest so that made my husband very happy and the food was delicious , if I must recommend a dish it must be the pumkin tortelini .']",food,positive,0,food quality,delicious
"['The have over 100 different beers to offer thier guest so that made my husband very happy and the food was delicious , if I must recommend a dish it must be the pumkin tortelini .']",pumkin tortelini,positive,0,food quality,recommend
['Decent wine at reasonable prices .'],wine,positive,0,drinks quality,Decent
['Decent wine at reasonable prices .'],wine,positive,0,drinks prices,reasonable
"[""First of all , this place is *not* romantic , as claimed by Citysearch 's editorial review .""]",place,negative,0,ambience general,*not* romantic
"['If you go , try the marinara/arrabiatta sauce , the mozzarella en Carozza is mmmmmmmm ... .. everything is just delicious .']",marinara/arrabiatta sauce,positive,0,food quality,try
"['If you go , try the marinara/arrabiatta sauce , the mozzarella en Carozza is mmmmmmmm ... .. everything is just delicious .']",marinara/arrabiatta sauce,positive,0,food quality,delicious
"['If you go , try the marinara/arrabiatta sauce , the mozzarella en Carozza is mmmmmmmm ... .. everything is just delicious .']",mozzarella en Carozza,positive,0,food quality,delicious
['Quick and friendly service .'],service,positive,0,service general,Quick
['Quick and friendly service .'],service,positive,0,service general,friendly
"['Not only is the cuisine the best around , the service has always been attentive and charming .']",cuisine,positive,0,food quality,best
"['Not only is the cuisine the best around , the service has always been attentive and charming .']",service,positive,0,service general,attentive
"['Not only is the cuisine the best around , the service has always been attentive and charming .']",service,positive,0,service general,charming
['Avoid this place !'],place,negative,0,restaurant general,Avoid
['This place is not worth the prices .'],place,negative,0,restaurant general,not worth the prices
['This place is not worth the prices .'],place,negative,0,restaurant prices,not worth the prices
['The menu is limited but almost all of the dishes are excellent .'],menu,negative,0,food style_options,limited
['The menu is limited but almost all of the dishes are excellent .'],dishes,positive,0,food quality,excellent
"['The bagels always warm , soft on the inside , crispy on the outside and enormous in size .']",bagels,positive,0,food quality,warm
"['The bagels always warm , soft on the inside , crispy on the outside and enormous in size .']",bagels,positive,0,food quality,soft
"['The bagels always warm , soft on the inside , crispy on the outside and enormous in size .']",bagels,positive,0,food quality,crispy
"['The bagels always warm , soft on the inside , crispy on the outside and enormous in size .']",bagels,positive,0,food style_options,enormous
['The staff is incredibly helpful and attentive .'],staff,positive,0,service general,helpful
['The staff is incredibly helpful and attentive .'],staff,positive,0,service general,attentive
['I / we will never go back to this place again .'],place,negative,0,restaurant general,never go back
['Pizza was a little soggy .'],Pizza,negative,0,food quality,soggy
['The food was good too .'],food,positive,0,food quality,good
['We thought that this place is using too much of MSG cooking in the foods .'],foods,negative,0,food quality,using too much of MSG
"[""it 's the only place you can get yummy authentic japanese comfort food .""]",japanese comfort food,positive,0,food quality,yummy authentic
['I will go back to Suan soon !'],Suan,positive,0,restaurant general,go back
"['We recently decided to try this location , and to our delight , they have outdoor seating , perfect since I had my yorkie with me .']",outdoor seating,positive,0,ambience general,perfect
['The food was actually aweful .'],food,negative,0,food quality,aweful
['I highly recommend Caviar Russe to anyone who wants delicious top grade caviar and fantastic service .'],caviar,positive,0,food quality,delicious top grade
['I highly recommend Caviar Russe to anyone who wants delicious top grade caviar and fantastic service .'],service,positive,0,service general,fantastic
['I am happy i did the food was awsome .'],food,positive,0,food quality,awsome
['We ordered some beef and noodle soup dishes from the Thai section of the menu but nothing we got was Thai .'],beef and noodle soup dishes,negative,0,food quality,nothing we got was Thai
['A Thai restaurant out of rice during dinner ?'],Thai restaurant,negative,0,restaurant miscellaneous,out of rice
['This is the best sushi in new york city - hands down .'],sushi,positive,0,food quality,best
"['When we stumbled on Leon , we thought that we had found quite the gem BUT , we were certainly wrong .']",Leon,negative,0,restaurant general,certainly wrong
['Mermaid Inn is an overall good restaurant with really good seafood .'],seafood,positive,0,food quality,good
['Mermaid Inn is an overall good restaurant with really good seafood .'],Mermaid Inn,positive,0,restaurant general,good
['Service was good and food is wonderful .'],Service,positive,0,service general,good
['Service was good and food is wonderful .'],food,positive,0,food quality,wonderful
['The service was excellent and the food was delicious .'],service,positive,0,service general,excellent
['The service was excellent and the food was delicious .'],food,positive,0,food quality,delicious
"['A few tips : skip the turnip cake , roast pork buns and egg custards .']",turnip cake,negative,0,food quality,skip
"['A few tips : skip the turnip cake , roast pork buns and egg custards .']",roast pork buns,negative,0,food quality,skip
"['A few tips : skip the turnip cake , roast pork buns and egg custards .']",egg custards,negative,0,food quality,skip
['The portions are small but being that the food was so good makes up for that .'],portions,negative,0,food style_options,small
['The portions are small but being that the food was so good makes up for that .'],food,positive,0,food quality,good
"[""It 's a nice place to relax and have conversation .""]",place,positive,0,ambience general,nice
"['When we sat , we got great and fast service .']",service,positive,0,service general,great
"['When we sat , we got great and fast service .']",service,positive,0,service general,fast
['The food was exceptional .'],food,positive,0,food quality,exceptional
['I LOVE their Thai'],Thai,positive,0,food quality,LOVE
['People are always friendly .'],People,positive,0,service general,friendly
['Haru on Park S is simply disgusting .'],Haru on Park S,negative,0,restaurant general,disgusting
['This place is a great bargain .'],place,positive,0,restaurant prices,great bargain
['My wife had the fried shrimp which are huge and loved it .'],fried shrimp,positive,0,food style_options,huge
['My wife had the fried shrimp which are huge and loved it .'],fried shrimp,positive,0,food quality,loved
"[""Toons has recently been redone , so it 's now a very attractive space .""]",Toons,positive,0,ambience general,attractive
['Nice Family owned traditional restaurant .'],restaurant,positive,0,restaurant general,traditional
['This is a fun restaurant to go to .'],restaurant,positive,0,restaurant general,fun
['delicious simple food in nice outdoor atmosphere .'],food,positive,0,food quality,delicious simple
['delicious simple food in nice outdoor atmosphere .'],food,positive,0,food style_options,delicious simple
['delicious simple food in nice outdoor atmosphere .'],outdoor atmosphere,positive,0,ambience general,nice
['In summer-eat outside on a terrace ( another great feature of Suan ) ! ! !'],terrace,positive,0,ambience general,great
['The decor is very simple but comfortable .'],decor,positive,0,ambience general,simple
['The decor is very simple but comfortable .'],decor,positive,0,ambience general,comfortable
['Always good drinks and service is pretty good ;'],drinks,positive,0,drinks quality,good
['Always good drinks and service is pretty good ;'],service,positive,0,service general,good
"[""Their sake list was extensive , but we were looking for Purple Haze , which was n't listed but made for us upon request !""]",sake list,positive,0,drinks style_options,extensive
['I was very disappointed with this restaurant .'],restaurant,negative,0,restaurant general,disappointed
['We ate at this Thai place following the reviews but very unhappy with the foods .'],foods,negative,0,food quality,unhappy
"['We did tip , I guess the model /waitress just wanted more and complained to the manager .']",waitress,negative,0,service general,complained
"[""To be completely fair , the only redeeming factor was the food , which was above average , but could n't make up for all the other deficiencies of Teodora .""]",food,positive,0,food quality,above average
"[""To be completely fair , the only redeeming factor was the food , which was above average , but could n't make up for all the other deficiencies of Teodora .""]",Teodora,negative,0,restaurant general,deficiencies
['It is definitely a good spot for snacks and chat .'],spot,positive,0,restaurant general,good
"['I got the $ 10 10-piece dim sum combo , every bite of which was great .']",$ 10 10-piece dim sum combo,positive,0,food quality,great
['We had a great time at the Jekyll and hyde Pub last night .'],Jekyll and hyde Pub,positive,0,restaurant general,great time
['the all-u-can-eat sushi is definitely in very poor quality .'],all-u-can-eat sushi,negative,0,food quality,poor quality
['Great sushi experience .'],sushi,positive,0,food quality,Great
['The duck confit is always amazing and the foie gras terrine with figs was out of this world .'],foie gras terrine with figs,positive,0,food quality,out of this world
['The duck confit is always amazing and the foie gras terrine with figs was out of this world .'],duck confit,positive,0,food quality,amazing
['The atmosphere is noisy and the waiters are literally walking around doing things as fast as they can .'],atmosphere,negative,0,ambience general,noisy
['The atmosphere is noisy and the waiters are literally walking around doing things as fast as they can .'],waiters,positive,0,service general,fast
['The Prix Fixe menu is worth every penny and you get more than enough ( both in quantity AND quality ) .'],Prix Fixe menu,positive,0,food quality,worth
['The Prix Fixe menu is worth every penny and you get more than enough ( both in quantity AND quality ) .'],Prix Fixe menu,positive,0,food style_options,worth
['The Prix Fixe menu is worth every penny and you get more than enough ( both in quantity AND quality ) .'],Prix Fixe menu,positive,0,food prices,worth
"[""Sauce was watery and the food did n't have much flavor .""]",Sauce,negative,0,food quality,watery
"[""Sauce was watery and the food did n't have much flavor .""]",food,negative,0,food quality,did n't have much flavor
['Never have I had such dramatic delivery guys ( a lot of huffing and panting and muttering under breath b/c I live in a walkup ) who always seem disappointed with their tips .'],delivery guys,negative,0,service general,dramatic
"['The whole set up is truly unprofessional and I wish Cafe Noir would get some good staff , because despite the current one this is a great place .']",staff,negative,0,service general,good
"['The whole set up is truly unprofessional and I wish Cafe Noir would get some good staff , because despite the current one this is a great place .']",Cafe Noir,positive,0,restaurant general,great
['I stumbled upon this great pizzeria as I explored my new neighborhood .'],pizzeria,positive,0,restaurant general,great
['Prices too high for this cramped and unappealing resturant .'],resturant,negative,0,restaurant prices,high
['Prices too high for this cramped and unappealing resturant .'],resturant,negative,0,ambience general,cramped
['Prices too high for this cramped and unappealing resturant .'],resturant,negative,0,ambience general,unappealing
"['Everything is always cooked to perfection , the service is excellent , the decor cool and understated .']",service,positive,0,service general,excellent
"['Everything is always cooked to perfection , the service is excellent , the decor cool and understated .']",decor,positive,0,ambience general,cool
"['Everything is always cooked to perfection , the service is excellent , the decor cool and understated .']",decor,positive,0,ambience general,understated
['Everything about this restaurant was special .'],restaurant,positive,0,restaurant general,special
['Warm and friendly in the winter and terrific outdoor seating in the warmer months .'],outdoor seating,positive,0,ambience general,terrific
"[""I have been to Roth 's twice and both times were very disappointing .""]",Roth 's,negative,0,restaurant general,disappointing
['Best Pastrami I ever had and great portion without being ridiculous .'],Pastrami,positive,0,food quality,Best
['Best Pastrami I ever had and great portion without being ridiculous .'],portion,positive,0,food style_options,great
"['Service here was great , food was fantastic .']",Service,positive,0,service general,great
"['Service here was great , food was fantastic .']",food,positive,0,food quality,fantastic
"['It may be a bit packed on weekends , but the vibe is good and it is the best French food you will find in the area .']",vibe,positive,0,ambience general,good
"['It may be a bit packed on weekends , but the vibe is good and it is the best French food you will find in the area .']",French food,positive,0,food quality,best
['love the food .'],food,positive,0,food quality,love
['The combination of super-fresh ingredients in the dishes are unusual but really delicious .'],ingredients,positive,0,food quality,super-fresh
['The combination of super-fresh ingredients in the dishes are unusual but really delicious .'],ingredients,positive,0,food quality,delicious
['Ive asked a cart attendant for a lotus leaf wrapped rice and she replied back rice and just walked away .'],cart attendant,negative,0,service general,walked away
"['Service was slow , but the people were friendly .']",Service,negative,0,service general,slow
"['Service was slow , but the people were friendly .']",people,positive,0,service general,friendly
['Lucky Strike is a great casual place to just grab a bite to eat .'],Lucky Strike,positive,0,restaurant general,great casual
"[""The food is amazing ... especially if you get the Chef 's tasting menu and your favourite bottle ( or two ! ) of wine from an extensive selection of wines .""]",food,positive,0,food quality,amazing
"[""The food is amazing ... especially if you get the Chef 's tasting menu and your favourite bottle ( or two ! ) of wine from an extensive selection of wines .""]",selection of wines,positive,0,drinks style_options,extensive
"[""The food is amazing ... especially if you get the Chef 's tasting menu and your favourite bottle ( or two ! ) of wine from an extensive selection of wines .""]",Chef 's tasting menu,positive,0,food quality,favourite
"[""Baluchi 's has solid food and a nice decor at reasonable prices .""]",food,positive,0,food quality,solid
"[""Baluchi 's has solid food and a nice decor at reasonable prices .""]",decor,positive,0,ambience general,nice
"[""Baluchi 's has solid food and a nice decor at reasonable prices .""]",Baluchi 's,positive,0,restaurant prices,solid
"['The service was impeccable and unobtrusive -- the staff knows what they are there to do -- to know their menu , present your meal , and attend to your needs .']",service,positive,0,service general,impeccable
"['The service was impeccable and unobtrusive -- the staff knows what they are there to do -- to know their menu , present your meal , and attend to your needs .']",service,positive,0,service general,unobtrusive
"[""I have been to Rao 's probably 15 times the past 3 years and it keeps getting better .""]",Rao 's,positive,0,restaurant general,better
['I will be out with friends and all of a sudden I am hungry and I only crave one thing ... their Pizza .'],Pizza,positive,0,food quality,crave
"['The atmosphere is nothing special , but it feels like a Sushi establishment in Tokyo .']",atmosphere,positive,0,ambience general,nothing special
"[""Thanks Bloom 's for a lovely trip .""]",Bloom 's,positive,0,restaurant general,Thanks
"[""Thanks Bloom 's for a lovely trip .""]",Bloom 's,positive,0,restaurant general,lovely
['Spreads and toppings are great - though a bit pricey .'],Spreads,positive,0,food quality,great
['Spreads and toppings are great - though a bit pricey .'],toppings,positive,0,food quality,great
['Spreads and toppings are great - though a bit pricey .'],Spreads,negative,0,food prices,pricey
['Spreads and toppings are great - though a bit pricey .'],toppings,negative,0,food prices,pricey
"[""The food 's as good as ever .""]",food,positive,0,food quality,good
['Decor is charming .'],Decor,positive,0,ambience general,charming
['The food was good .'],food,positive,0,food quality,good
"['Delicate spices , onions , eggs and a kick-ass roti .']",spices,positive,0,food quality,Delicate
"['Delicate spices , onions , eggs and a kick-ass roti .']",onions,positive,0,food quality,Delicate
"['Delicate spices , onions , eggs and a kick-ass roti .']",eggs,positive,0,food quality,Delicate
"['Delicate spices , onions , eggs and a kick-ass roti .']",roti,positive,0,food quality,kick-ass
"[""The pesto pizza was excellent , thin-crust pizza with a nice amount of spicy Italian cheese that I 'd never heard of before .""]",pesto pizza,positive,0,food quality,excellent
"[""The pesto pizza was excellent , thin-crust pizza with a nice amount of spicy Italian cheese that I 'd never heard of before .""]",spicy Italian cheese,positive,0,food quality,nice
['The food is great and they have a good selection of wines at reasonable prices .'],food,positive,0,food quality,great
['The food is great and they have a good selection of wines at reasonable prices .'],wines,positive,0,drinks style_options,good selection
['The food is great and they have a good selection of wines at reasonable prices .'],wines,positive,0,drinks prices,good selection
['Not one of our meals was edible - bland and/or made with weird rosemary or orange flavoring .'],meals,negative,0,food quality,edible
['Not one of our meals was edible - bland and/or made with weird rosemary or orange flavoring .'],rosemary or orange flavoring,negative,0,food quality,weird
['I have lived in Japan for 7 years and the taste of the food and the feel of the restaurant is like being back in Japan .'],food,positive,0,food quality,like being back in Japan
['I have lived in Japan for 7 years and the taste of the food and the feel of the restaurant is like being back in Japan .'],feel,positive,0,ambience general,like being back in Japan
"['I found the food , service and value exceptional everytime I have been there .']",food,positive,0,food quality,exceptional
"['I found the food , service and value exceptional everytime I have been there .']",service,positive,0,service general,exceptional
"['I found the food , service and value exceptional everytime I have been there .']",value,positive,0,restaurant prices,exceptional
['The rice was poor quality and was cooked so badly it was hard .'],rice,negative,0,food quality,poor quality
['The rice was poor quality and was cooked so badly it was hard .'],rice,negative,0,food quality,cooked so badly
['The rice was poor quality and was cooked so badly it was hard .'],rice,negative,0,food quality,hard
['The food now is inconsistent .'],food,negative,0,food quality,inconsistent
['This place is always very crowded and popular .'],place,positive,0,restaurant miscellaneous,crowded
['This place is always very crowded and popular .'],place,positive,0,restaurant miscellaneous,popular
"[""When you 're sitting in their main dining room ( which has a spectacular , hand-painted high ceiling ) you 'd never know there was a world outside .""]",main dining room,positive,0,ambience general,spectacular
"[""When you 're sitting in their main dining room ( which has a spectacular , hand-painted high ceiling ) you 'd never know there was a world outside .""]",ceiling,positive,0,ambience general,spectacular
"[""When you 're sitting in their main dining room ( which has a spectacular , hand-painted high ceiling ) you 'd never know there was a world outside .""]",ceiling,positive,0,ambience general,hand-painted high
"['sometimes i get bad food and bad service , sometimes i get good good and bad service .']",food,negative,0,food quality,bad
"['sometimes i get bad food and bad service , sometimes i get good good and bad service .']",service,negative,0,service general,bad
"['sometimes i get bad food and bad service , sometimes i get good good and bad service .']",service,negative,0,service general,bad
"['sometimes i get bad food and bad service , sometimes i get good good and bad service .']",good,positive,0,food quality,good
"['whoever the jazz duo was , they were on POINT .']",jazz duo,positive,0,ambience general,on POINT
"['Most importantly , food is excellent .']",food,positive,0,food quality,excellent
['noodles with shrimp and chicken and coconut juice is the MUST !'],noodles with shrimp and chicken and coconut juice,positive,0,food quality,MUST
"['However , I think this place is a good hang out spot .']",place,positive,0,ambience general,good
"['This is the perfect spot for meeting friends , having lunch , dinner , pre-theatre or after-theatre drinks !']",spot,positive,0,restaurant miscellaneous,perfect
['Cozy romantic atomosphere with only around 15 tables at most .'],atomosphere,positive,0,ambience general,Cozy romantic
"[""It 's a rather cramped and busy restaurant and it closes early .""]",restaurant,negative,0,restaurant miscellaneous,closes early
"[""It 's a rather cramped and busy restaurant and it closes early .""]",restaurant,negative,0,ambience general,cramped
"[""It 's a rather cramped and busy restaurant and it closes early .""]",restaurant,negative,0,ambience general,busy
['Wine list is extensive without being over-priced .'],Wine list,positive,0,drinks style_options,extensive without being over-priced
['Wine list is extensive without being over-priced .'],Wine list,positive,0,drinks prices,extensive without being over-priced
['I have been doing all of the above at the Heartland Brewery for over 5 years now and I HAVE NEVER BEEN DISAPPOINTED !'],Heartland Brewery,positive,0,restaurant general,NEVER BEEN DISAPPOINTED
['Right off the L in Brooklyn this is a nice cozy place with good pizza .'],pizza,positive,0,food quality,good
['Right off the L in Brooklyn this is a nice cozy place with good pizza .'],place,positive,0,ambience general,nice cozy
['The food here does a great service to the name ( Cantonese that is ... ) .'],food,positive,0,food quality,great
['Myagi is one of my favorite restaurants in the City ; the place the negative reviews describe sound like they were somewhere else .'],Myagi,positive,0,restaurant general,favorite
['I ordered the smoked salmon and roe appetizer and it was off flavor .'],smoked salmon and roe appetizer,negative,0,food quality,off flavor
['The food was average or above including some surprising tasty dishes .'],food,positive,0,food quality,average or above
['The food was average or above including some surprising tasty dishes .'],dishes,positive,0,food quality,tasty
['And really large portions .'],portions,positive,0,food style_options,large
"['Service , however , was excellent ... and I liked the setting/atmosphere a lot .']",Service,positive,0,service general,excellent
"['Service , however , was excellent ... and I liked the setting/atmosphere a lot .']",setting/atmosphere,positive,0,ambience general,liked
['fine dining restaurant quality .'],dining,positive,0,food quality,fine
"['Nice atmosphere , the service was very pleasant and the desert was good .']",atmosphere,positive,0,ambience general,Nice
"['Nice atmosphere , the service was very pleasant and the desert was good .']",service,positive,0,service general,pleasant
"['Nice atmosphere , the service was very pleasant and the desert was good .']",desert,positive,0,food quality,good
['LOVE the atmosphere - felt like I was in Paris .'],atmosphere,positive,0,ambience general,LOVE
['I would highly recommand requesting a table by the window .'],table by the window,positive,0,location general,recommand
"['Planet Thailand has always been a hit with me , I go there usually for the sushi , which is great , the thai food is excellent too .']",sushi,positive,0,food quality,great
"['Planet Thailand has always been a hit with me , I go there usually for the sushi , which is great , the thai food is excellent too .']",thai food,positive,0,food quality,excellent
"['Planet Thailand has always been a hit with me , I go there usually for the sushi , which is great , the thai food is excellent too .']",Planet Thailand,positive,0,restaurant general,hit
"['Still , any quibbles about the bill were off-set by the pour-your-own measures of liquers which were courtesey of the house ...']",measures of liquers,positive,0,drinks style_options,pour-your-own
"['Still , any quibbles about the bill were off-set by the pour-your-own measures of liquers which were courtesey of the house ...']",measures of liquers,positive,0,drinks style_options,courtesey
['The food was mediocre at best but it was the horrible service that made me vow never to go back .'],food,negative,0,food quality,mediocre
['The food was mediocre at best but it was the horrible service that made me vow never to go back .'],service,negative,0,service general,horrible
['Our food was great too !'],food,positive,0,food quality,great
"['This place is pricey , and yes , the food is worth it ; but the service makes you feel like you should be paying a quater of the price .']",place,negative,0,restaurant prices,pricey
"['This place is pricey , and yes , the food is worth it ; but the service makes you feel like you should be paying a quater of the price .']",food,positive,0,food quality,worth
"['This place is pricey , and yes , the food is worth it ; but the service makes you feel like you should be paying a quater of the price .']",service,negative,0,service general,paying a quater of the price
['The mussels were fantastic and so was the dessert ... definitely going to be back very soon .'],mussels,positive,0,food quality,fantastic
['The mussels were fantastic and so was the dessert ... definitely going to be back very soon .'],dessert,positive,0,food quality,fantastic
"[""if you 're daring , try the balsamic vinegar over icecream , it 's wonderful !""]",balsamic vinegar over icecream,positive,0,food quality,try
"[""if you 're daring , try the balsamic vinegar over icecream , it 's wonderful !""]",balsamic vinegar over icecream,positive,0,food quality,wonderful
"['Overall , excellent restaurant !']",restaurant,positive,0,restaurant general,excellent
['My wife and I ate here earlier this week and have not stopped ranting and raving about the food .'],food,positive,0,food quality,raving
"[""The pizza was delivered cold and the cheese was n't even fully melted !""]",pizza,negative,0,food quality,cold
"[""The pizza was delivered cold and the cheese was n't even fully melted !""]",cheese,negative,0,food quality,was n't even fully melted
"['The staff has been nice , but they seemed really stressed and the unisex bathroom needs to be cleaned more often .']",staff,positive,0,service general,nice
"['The staff has been nice , but they seemed really stressed and the unisex bathroom needs to be cleaned more often .']",staff,negative,0,service general,stressed
"['The staff has been nice , but they seemed really stressed and the unisex bathroom needs to be cleaned more often .']",unisex bathroom,negative,0,ambience general,needs to be cleaned
['Unique apppetizers .'],apppetizers,positive,0,food quality,Unique
"['On a recent Sunday afternoon , a friend and I accidently found this great restaurant on our way to see the pulitzer prize winning play DOUBT .']",restaurant,positive,0,restaurant general,great
"[""The service is ok , some of the people did n't get what they asked for .""]",service,neutral,0,service general,ok
['Simply some good tasting Chinese food at incredible prices ...'],Chinese food,positive,0,food quality,good tasting
['Simply some good tasting Chinese food at incredible prices ...'],Chinese food,positive,0,food prices,good tasting
"[""I 've been to at Cafe Spice probably 5-8 times , it is probably still the best Indian restaurant around Union Square .""]",Cafe Spice,positive,0,restaurant general,best
"['La Rosa waltzes in , and I think they are doing it the best .']",La Rosa,positive,0,food quality,best
['The design and atmosphere is just as good .'],design,positive,0,ambience general,good
['The design and atmosphere is just as good .'],atmosphere,positive,0,ambience general,good
"[""Over the years the host , Vittorio , and his crew , have always treated me as family -- although with all the business this not-so-little gem does , it amazing he 's even able to remember a consistent but not-so-frequent visitor .""]",host,positive,0,service general,amazing
"[""Over the years the host , Vittorio , and his crew , have always treated me as family -- although with all the business this not-so-little gem does , it amazing he 's even able to remember a consistent but not-so-frequent visitor .""]",crew,positive,0,service general,treated me as family
['But the pizza is way to expensive .'],pizza,negative,0,food prices,expensive
"['While their kitchen food is delicious , their Sushi is out of this world .']",kitchen food,positive,0,food quality,delicious
"['While their kitchen food is delicious , their Sushi is out of this world .']",Sushi,positive,0,food quality,out of this world
['Indoor was very cozy and cute .'],Indoor,positive,0,ambience general,cozy
['Indoor was very cozy and cute .'],Indoor,positive,0,ambience general,cute
['The brioche and lollies as party favors is a cute and sweet touch to a most memorable meal .'],brioche and lollies,positive,0,food quality,cute
['The brioche and lollies as party favors is a cute and sweet touch to a most memorable meal .'],brioche and lollies,positive,0,food quality,sweet
['The food is authentic Italian - delicious !'],food,positive,0,food quality,authentic Italian
['The food is authentic Italian - delicious !'],food,positive,0,food quality,delicious
"['This is some really good , inexpensive sushi .']",sushi,positive,0,food quality,good
"['This is some really good , inexpensive sushi .']",sushi,positive,0,food prices,inexpensive
['We went around 9:30 on a Friday and it had died down a bit by then so the service was great !'],service,positive,0,service general,great
['The service was the only thing good about this restaurant .'],service,positive,0,service general,good
['Chow fun was dry ; pork shu mai was more than usually greasy and had to share a table with loud and rude family .'],Chow fun,negative,0,food quality,dry
['Chow fun was dry ; pork shu mai was more than usually greasy and had to share a table with loud and rude family .'],pork shu mai,negative,0,food quality,greasy
['I had a grat time at Jekyll and Hyde !'],Jekyll and Hyde,positive,0,restaurant general,had a grat time
['I really recommend the very simple Unda ( Egg ) rolls .'],Unda ( Egg ) rolls,positive,0,food quality,recommend
['I really recommend the very simple Unda ( Egg ) rolls .'],Unda ( Egg ) rolls,positive,0,food quality,simple
"[""Try the Pad Thai , or sample anything on the appetizer menu ... they 're all delicious .""]",Pad Thai,positive,0,food quality,Try
"[""Try the Pad Thai , or sample anything on the appetizer menu ... they 're all delicious .""]",Pad Thai,positive,0,food quality,delicious
"[""Try the Pad Thai , or sample anything on the appetizer menu ... they 're all delicious .""]",appetizer menu,positive,0,food quality,delicious
"['The view is spectacular , and the food is great .']",view,positive,0,location general,spectacular
"['The view is spectacular , and the food is great .']",food,positive,0,food quality,great
['First went here to enjoy their garden terrace .'],garden terrace,positive,0,ambience general,enjoy
['Best Taiwanese food in NY !'],Taiwanese food,positive,0,food quality,Best
['The scallion pancakes and fried dumplings were nothing out of the ordinary .'],scallion pancakes,neutral,0,food quality,ordinary
['The scallion pancakes and fried dumplings were nothing out of the ordinary .'],fried dumplings,neutral,0,food quality,ordinary
['Their tuna tartar appetizer is to die for .'],tuna tartar appetizer,positive,0,food quality,die for
['This place blew me away ... by far my new favorite restaurant on the uppereast side .'],place,positive,0,restaurant general,favorite
['I highly recommend to anyone to give this place a try .'],place,positive,0,restaurant general,recommend
"['There was a small wait , but shorter than I expected .']",wait,positive,0,service general,small
"['There was a small wait , but shorter than I expected .']",wait,positive,0,service general,shorter
"['the salads are delicious , both refreshing and very spicy .']",salads,positive,0,food quality,delicious
"['the salads are delicious , both refreshing and very spicy .']",salads,positive,0,food quality,refreshing
"['the salads are delicious , both refreshing and very spicy .']",salads,positive,0,food quality,spicy
"[""With so many good restaurants on the UWS , I do n't need overpriced food , absurdly arrogant wait-staff who do n't recognize they work at a glorified diner , clumsy service , and management that does n't care .""]",food,negative,0,food prices,overpriced
"[""With so many good restaurants on the UWS , I do n't need overpriced food , absurdly arrogant wait-staff who do n't recognize they work at a glorified diner , clumsy service , and management that does n't care .""]",wait-staff,negative,0,service general,arrogant
"[""With so many good restaurants on the UWS , I do n't need overpriced food , absurdly arrogant wait-staff who do n't recognize they work at a glorified diner , clumsy service , and management that does n't care .""]",service,negative,0,service general,clumsy
"[""With so many good restaurants on the UWS , I do n't need overpriced food , absurdly arrogant wait-staff who do n't recognize they work at a glorified diner , clumsy service , and management that does n't care .""]",management,negative,0,service general,does n't care
['The only thing more wonderful than the food ( which is exceptional ) is the service .'],food,positive,0,food quality,exceptional
['The only thing more wonderful than the food ( which is exceptional ) is the service .'],service,positive,0,service general,wonderful
['not sure why this restaurant would be rated that highly .'],restaurant,negative,0,restaurant general,highly
"['Bagels are ok , but be sure not to make any special requests !']",Bagels,neutral,0,food quality,ok
['Good drink .'],drink,positive,0,drinks quality,Good
['Great Indian food and the service is incredible .'],Indian food,positive,0,food quality,Great
['Great Indian food and the service is incredible .'],service,positive,0,service general,incredible
['We have gone for dinner only a few times but the same great quality and service is given .'],service,positive,0,service general,great
['We have gone for dinner only a few times but the same great quality and service is given .'],dinner,positive,0,food quality,great quality
['This place has great indian chinese food .'],indian chinese food,positive,0,food quality,great
['Not what I would expect for the price and prestige of this location .'],location,neutral,0,restaurant prices,expect
['Not what I would expect for the price and prestige of this location .'],location,neutral,0,restaurant miscellaneous,expect
['Finally a reliable Chinese restaurant !'],Chinese restaurant,positive,0,restaurant general,reliable
"['The lobster knuckles ( special of the day ) were ok , but pretty tasteless .']",lobster knuckles,neutral,0,food style_options,ok
"['The lobster knuckles ( special of the day ) were ok , but pretty tasteless .']",lobster knuckles,negative,0,food quality,tasteless
['The menu is fairly simple without much descriptions .'],menu,neutral,0,food style_options,simple
['WORST PLACE ON SMITH STREET IN BROOKLYN'],PLACE,negative,0,restaurant general,WORST
"['The staff has been nice , but they seemed really stressed and the unisex bathroom needs to be cleaned more often .']",staff,positive,0,service general,nice
"['The staff has been nice , but they seemed really stressed and the unisex bathroom needs to be cleaned more often .']",staff,negative,0,service general,stressed
"['The staff has been nice , but they seemed really stressed and the unisex bathroom needs to be cleaned more often .']",unisex bathroom,negative,0,ambience general,needs to be cleaned
['I absolutely love this place ! ! !'],place,positive,0,restaurant general,love
"['Everyone seemed generally happy with their food , except my brother who had the grilled Mahi Mahi , seemingly drenched in Grapfruit Juice !']",food,positive,0,food quality,happy
"['Everyone seemed generally happy with their food , except my brother who had the grilled Mahi Mahi , seemingly drenched in Grapfruit Juice !']",grilled Mahi Mahi,negative,0,food quality,drenched
"['Everyone seemed generally happy with their food , except my brother who had the grilled Mahi Mahi , seemingly drenched in Grapfruit Juice !']",grilled Mahi Mahi,negative,0,food style_options,drenched
"['Excellent atmosphere , delicious dishes good and friendly service .']",atmosphere,positive,0,ambience general,Excellent
"['Excellent atmosphere , delicious dishes good and friendly service .']",dishes,positive,0,food quality,delicious
"['Excellent atmosphere , delicious dishes good and friendly service .']",service,positive,0,service general,good
"['Excellent atmosphere , delicious dishes good and friendly service .']",service,positive,0,service general,friendly
"[""Consequently , their burgers fell apart in their hands and made such a mess that they did'nt feel like finishing them .""]",burgers,negative,0,food style_options,fell apart
"[""I 'm partial to the Gnocchi .""]",Gnocchi,positive,0,restaurant general,partial
['The waiter was attentive .'],waiter,positive,0,service general,attentive
['My chicken was inedible as there were so many fatty lumps which i had to keep spitting out into my napkin .'],chicken,negative,0,food quality,inedible
['I completely recommend Casa La Femme for any special occasion and to REALLY impress your date .'],Casa La Femme,positive,0,restaurant miscellaneous,recommend
"['Even though its good seafood , the prices are too high .']",seafood,positive,0,food quality,good
['Service not the friendliest to our `` large party `` !'],Service,negative,0,service general,not the friendliest
"['While the ambiance and atmosphere were great , the food and service could have been a lot better .']",ambiance,positive,0,ambience general,great
"['While the ambiance and atmosphere were great , the food and service could have been a lot better .']",atmosphere,positive,0,ambience general,great
"['While the ambiance and atmosphere were great , the food and service could have been a lot better .']",food,negative,0,food quality,could have been a lot better
"['While the ambiance and atmosphere were great , the food and service could have been a lot better .']",service,negative,0,service general,could have been a lot better
"['Looking around , I saw a room full of New Yorkers enjoying a real meal in a real restaurant , not a clubhouse of the fabulous trying to be seen .']",meal,positive,0,food quality,real
"['Looking around , I saw a room full of New Yorkers enjoying a real meal in a real restaurant , not a clubhouse of the fabulous trying to be seen .']",restaurant,positive,0,ambience general,real
"[""Sometimes tables do n't understand his sense of humor but it 's refreshing to have a server who has personality , professionalism , and respects the privacy of your dinner .""]",server,positive,0,service general,refreshing
"[""Sometimes tables do n't understand his sense of humor but it 's refreshing to have a server who has personality , professionalism , and respects the privacy of your dinner .""]",server,positive,0,service general,professionalism
"[""Sometimes tables do n't understand his sense of humor but it 's refreshing to have a server who has personality , professionalism , and respects the privacy of your dinner .""]",server,positive,0,service general,respects
['I would highly recommand requesting a table by the window .'],table by the window,positive,0,location general,recommand
['Helpful service and average price per dish $ 10 .'],service,positive,0,service general,Helpful
['Helpful service and average price per dish $ 10 .'],dish,neutral,0,food prices,$ 10
"[""This is the kind of place you 'd like to take all your friends to and still keep a secret .""]",place,positive,0,restaurant miscellaneous,like
"[""I 've had my fair share of modern Japanese and this spot delivers .""]",modern Japanese,positive,0,food quality,delivers
['Service was slow had to wait to order and get food although not crowded .'],Service,negative,0,service general,slow
"[""The place is small and intimate and you may feel a little crowded , but the service is excellent and it 's great for friends out , a romantic date , or a special occassion .""]",service,positive,0,service general,excellent
"[""The place is small and intimate and you may feel a little crowded , but the service is excellent and it 's great for friends out , a romantic date , or a special occassion .""]",place,negative,0,ambience general,crowded
"[""The place is small and intimate and you may feel a little crowded , but the service is excellent and it 's great for friends out , a romantic date , or a special occassion .""]",place,positive,0,restaurant miscellaneous,small
"[""The place is small and intimate and you may feel a little crowded , but the service is excellent and it 's great for friends out , a romantic date , or a special occassion .""]",place,positive,0,restaurant miscellaneous,intimate
['Best Pastrami I ever had and great portion without being ridiculous .'],Pastrami,positive,0,food quality,Best
['Best Pastrami I ever had and great portion without being ridiculous .'],portion,positive,0,food style_options,great
"[""Eating in , the atmosphere saves it , but at your desk , it 's a very disappointing experience .""]",atmosphere,positive,0,ambience general,saves
"['Love the scene first off- the place has a character and nice light to it..very fortunate , location wise .']",scene,positive,0,ambience general,Love
"['Love the scene first off- the place has a character and nice light to it..very fortunate , location wise .']",place,positive,0,ambience general,nice
"['Love the scene first off- the place has a character and nice light to it..very fortunate , location wise .']",location,positive,0,location general,fortunate
['The real problem I had with this place was the complete lack of service .'],service,negative,0,service general,lack of
['Patroon features a nice cigar bar and has great staff .'],cigar bar,positive,0,ambience general,nice
['Patroon features a nice cigar bar and has great staff .'],staff,positive,0,service general,great
['Service was prompt and courteous .'],Service,positive,0,service general,prompt
['Service was prompt and courteous .'],Service,positive,0,service general,courteous
"['The have over 100 different beers to offer thier guest so that made my husband very happy and the food was delicious , if I must recommend a dish it must be the pumkin tortelini .']",beers,positive,0,drinks style_options,happy
"['The have over 100 different beers to offer thier guest so that made my husband very happy and the food was delicious , if I must recommend a dish it must be the pumkin tortelini .']",food,positive,0,food quality,delicious
"['The have over 100 different beers to offer thier guest so that made my husband very happy and the food was delicious , if I must recommend a dish it must be the pumkin tortelini .']",pumkin tortelini,positive,0,food quality,recommend
['The family seafood entree was very good .'],family seafood entree,positive,0,food quality,good
['No gimmicks here -- the food speaks for itself in its freshness and preparation .'],food,positive,0,food quality,freshness
"['My wife and I always enjoy the young , not always well trained but nevertheless friendly , staff , all of whom have a story .']",staff,positive,0,service general,enjoy
"['My wife and I always enjoy the young , not always well trained but nevertheless friendly , staff , all of whom have a story .']",staff,positive,0,service general,young
"['My wife and I always enjoy the young , not always well trained but nevertheless friendly , staff , all of whom have a story .']",staff,positive,0,service general,not always well trained
"['My wife and I always enjoy the young , not always well trained but nevertheless friendly , staff , all of whom have a story .']",staff,positive,0,service general,friendly
['Our food was great too !'],food,positive,0,food quality,great
"[""Have eaten at Ginger House several times , and it 's always good .""]",Ginger House,positive,0,restaurant general,good
['The veal was incredible last night .'],veal,positive,0,food quality,incredible
"['We love the food , drinks , and atmosphere !']",food,positive,0,food quality,love
"['We love the food , drinks , and atmosphere !']",drinks,positive,0,drinks quality,love
"['We love the food , drinks , and atmosphere !']",atmosphere,positive,0,ambience general,love
"[""Service was just ok , it is not what you 'd expect for $ 500 .""]",Service,negative,0,service general,ok
"[""if you 're daring , try the balsamic vinegar over icecream , it 's wonderful !""]",balsamic vinegar over icecream,positive,0,food quality,try
"[""if you 're daring , try the balsamic vinegar over icecream , it 's wonderful !""]",balsamic vinegar over icecream,positive,0,food quality,wonderful
"['My girlfriend , being slightly more aggressive , and having been equally disgusted causing her to throw out the remainder of her barely eaten meal , called back only to be informed that I was probably wrong and that it was most likely an oyster , and that we were also blacklisted from their restaurant .']",meal,negative,0,food quality,disgusted
['The wine list is interesting and has many good values .'],wine list,positive,0,drinks style_options,interesting
['The wine list is interesting and has many good values .'],wine list,positive,0,drinks prices,good values
"['Servers are all different , Greg is my favorite .']",Greg,positive,0,service general,favorite
['The place is so cool and the service is prompt and curtious .'],service,positive,0,service general,prompt
['The place is so cool and the service is prompt and curtious .'],service,positive,0,service general,curtious
['The place is so cool and the service is prompt and curtious .'],place,positive,0,ambience general,cool
"[""I did n't complain , I liked the atmosphere so much .""]",atmosphere,positive,0,ambience general,liked
['The entree was also very good .'],entree,positive,0,food quality,good
['Can ’ t believe how an expensive NYC restaurant can be so disrespectful to its clients .'],restaurant,negative,0,restaurant prices,expensive
['Great survice'],survice,positive,0,service general,Great
['Good food .'],food,positive,0,food quality,Good
['Food was OK .'],Food,neutral,0,food quality,OK
['the food is decent .'],food,neutral,0,food quality,decent
"['For authentic Thai food , look no further than Toons .']",Thai food,positive,0,food quality,authentic
['The wife had the risotto which was amazing .'],risotto,positive,0,food quality,amazing
"['The bread was stale , the salad was overpriced and empty .']",bread,negative,0,food quality,stale
"['The bread was stale , the salad was overpriced and empty .']",salad,negative,0,food prices,overpriced
"['The bread was stale , the salad was overpriced and empty .']",salad,negative,0,food style_options,empty
"['While their kitchen food is delicious , their Sushi is out of this world .']",kitchen food,positive,0,food quality,delicious
"['While their kitchen food is delicious , their Sushi is out of this world .']",Sushi,positive,0,food quality,out of this world
['He offers subpar service and has no personality .'],service,negative,0,service general,subpar
"['I go out to eat and like my courses , servers are patient and never rush courses or force another drink .']",servers,positive,0,service general,patient
['We had the scallops as an appetizer and they were delicious and the sauce was wonderful .'],scallops,positive,0,food quality,delicious
['We had the scallops as an appetizer and they were delicious and the sauce was wonderful .'],sauce,positive,0,food quality,wonderful
['not sure why this restaurant would be rated that highly .'],restaurant,negative,0,restaurant general,highly
['This is my first time writing a review for a restaurant because the food and service was excellent .'],food,positive,0,food quality,excellent
['This is my first time writing a review for a restaurant because the food and service was excellent .'],service,positive,0,service general,excellent
['Great sake !'],sake,positive,0,drinks quality,Great
"['The dessert ( we had a pear torte ) was good - but , once again , the staff was unable to provide appropriate drink suggestions .']",pear torte,positive,0,food quality,good
"['The dessert ( we had a pear torte ) was good - but , once again , the staff was unable to provide appropriate drink suggestions .']",staff,negative,0,service general,unable to provide
"['You would think they would make up for it with service , sadly , no .']",service,negative,0,service general,sadly
['I had a huge pastrami sandwich on a roll .'],pastrami sandwich on a roll,neutral,0,food style_options,huge
"['The Dancing , White River and Millenium rolls are musts .']","Dancing , White River and Millenium rolls",positive,0,food quality,musts
"['This place is pricey , and yes , the food is worth it ; but the service makes you feel like you should be paying a quater of the price .']",place,negative,0,restaurant prices,pricey
"['This place is pricey , and yes , the food is worth it ; but the service makes you feel like you should be paying a quater of the price .']",food,positive,0,food quality,worth
"['This place is pricey , and yes , the food is worth it ; but the service makes you feel like you should be paying a quater of the price .']",service,negative,0,service general,paying a quater of the price
['Never have I had such dramatic delivery guys ( a lot of huffing and panting and muttering under breath b/c I live in a walkup ) who always seem disappointed with their tips .'],delivery guys,negative,0,service general,dramatic
['Try the sea bass .'],sea bass,positive,0,food quality,Try
['This place is a must visit !'],place,positive,0,restaurant general,must visit
"[""I take all my NYC guests to VT 's .""]",VT 's,positive,0,restaurant miscellaneous,take all my NYC guests
['Fish was overdone .'],Fish,negative,0,food quality,overdone
['I also recommend the rice dishes or the different varieties of congee ( rice porridge ) .'],rice dishes,positive,0,food quality,recommend
['I also recommend the rice dishes or the different varieties of congee ( rice porridge ) .'],congee ( rice porridge ),positive,0,food quality,recommend
"[""It 's a small cute restaurant .""]",restaurant,positive,0,restaurant general,small cute
['This tiny Williamsburg spot is always pleasantly surprising .'],Williamsburg spot,positive,0,restaurant general,surprising
"['We , there were four of us , arrived at noon - the place was empty - and the staff acted like we were imposing on them and they were very rude .']",staff,negative,0,service general,rude
"[""It 's simply the best meal in NYC .""]",meal,positive,0,food quality,best
['I would never recommend this place to anybody even for a casual dinner .'],place,negative,0,restaurant general,never recommend
['I would never recommend this place to anybody even for a casual dinner .'],place,negative,0,restaurant miscellaneous,never recommend
['The staff is very good .'],staff,positive,0,service general,good
['The cream cheeses are out of this world and I love that coffee ! !'],cream cheeses,positive,0,food quality,out of this world
['The cream cheeses are out of this world and I love that coffee ! !'],coffee,positive,0,drinks quality,love
['Food awesome .'],Food,positive,0,food quality,awesome
"['the only things u could really taste are the very salty soy sauce ( even its low sodium ) , the vinegar-soaked rice , and the scallion on top of the fish .']",soy sauce,negative,0,food quality,salty
"['the only things u could really taste are the very salty soy sauce ( even its low sodium ) , the vinegar-soaked rice , and the scallion on top of the fish .']",rice,negative,0,food quality,vinegar-soaked
['Good drink .'],drink,positive,0,drinks quality,Good
"['The service leaves much to be desired , from feeling like you are rushed the place your order , to being ignored the rest of the night .']",service,negative,0,service general,leaves much to be desired
"['The crust has a great bite and a good chew , the sauce is light with a nice acidity to it , the salt from the cheese is great , really heightens the flavor of all the other components .']",crust,positive,0,food quality,great
"['The crust has a great bite and a good chew , the sauce is light with a nice acidity to it , the salt from the cheese is great , really heightens the flavor of all the other components .']",crust,positive,0,food quality,good
"['The crust has a great bite and a good chew , the sauce is light with a nice acidity to it , the salt from the cheese is great , really heightens the flavor of all the other components .']",sauce,positive,0,food quality,light
"['The crust has a great bite and a good chew , the sauce is light with a nice acidity to it , the salt from the cheese is great , really heightens the flavor of all the other components .']",cheese,positive,0,food quality,great
"[""but when we looked at the menu , there weren 't a lot of choices , most of them were dumplings in the appetizer section .""]",menu,negative,0,food style_options,weren 't a lot of choices
['The price is reasonable although the service is poor .'],service,negative,0,service general,poor
['We all agreed that mare is one of the best seafood restaurants in New York .'],mare,positive,0,restaurant general,best
"[""The pizza is delicious - they use fresh mozzarella instead of the cheap , frozen , shredded cheese common to most pizzaria 's .""]",pizza,positive,0,food quality,delicious
"[""The pizza is delicious - they use fresh mozzarella instead of the cheap , frozen , shredded cheese common to most pizzaria 's .""]",fresh mozzarella,positive,0,food quality,fresh
['Great food .'],food,positive,0,food quality,Great
['I generally like this place .'],place,positive,0,restaurant general,like
"['However , our main course was wonderful .']",main course,positive,0,food quality,wonderful
['We were drawn into the belly dancing show that captivated the crowd .'],belly dancing show,positive,0,ambience general,captivated
['I have to highly recommend the lobster roll - not to much mayo ; you can tell it was a fresh lobster .'],lobster roll,positive,0,food quality,recommend
['I have to highly recommend the lobster roll - not to much mayo ; you can tell it was a fresh lobster .'],lobster,positive,0,food quality,fresh
['The service is good and the resturant is clean .'],service,positive,0,service general,good
['The service is good and the resturant is clean .'],resturant,positive,0,ambience general,clean
['I really recommend the very simple Unda ( Egg ) rolls .'],Unda ( Egg ) rolls,positive,0,food quality,recommend
['I really recommend the very simple Unda ( Egg ) rolls .'],Unda ( Egg ) rolls,positive,0,food quality,simple
['The environment is very upscale and you will see a lot of rich guys with trophy wives or just highly paid escorts .'],environment,neutral,0,ambience general,upscale
['Everything on the menu is great .'],menu,positive,0,food quality,great
"[""The wait here is long for dim sum , but if you do n't like sharing tables or if the typical raucous dim sum atmosphere is not your gig , this is a sleek ( for Chinatown ) alternative .""]",wait,negative,0,service general,long
"[""The wait here is long for dim sum , but if you do n't like sharing tables or if the typical raucous dim sum atmosphere is not your gig , this is a sleek ( for Chinatown ) alternative .""]",atmosphere,negative,0,ambience general,raucous
['This place blew me away ... by far my new favorite restaurant on the uppereast side .'],place,positive,0,restaurant general,favorite
"['Food was very good as well , considering that we tried the budget selection ( though I wish the pork belly that I ordered was roasted a bit longer , so that fat was more of a melt-in-your-mouth experience ) .']",Food,positive,0,food quality,good
"['Food was very good as well , considering that we tried the budget selection ( though I wish the pork belly that I ordered was roasted a bit longer , so that fat was more of a melt-in-your-mouth experience ) .']",pork belly,negative,0,food quality,roasted a bit longer
['I heard the lobster roll was excellent .'],lobster roll,positive,0,food quality,excellent
"[""It 's a rather cramped and busy restaurant and it closes early .""]",restaurant,negative,0,restaurant miscellaneous,closes early
"[""It 's a rather cramped and busy restaurant and it closes early .""]",restaurant,negative,0,ambience general,cramped
"[""It 's a rather cramped and busy restaurant and it closes early .""]",restaurant,negative,0,ambience general,busy
['The atmosphere was great .'],atmosphere,positive,0,ambience general,great
"[""The wait staff is pleasant , fun , and for the most part gorgeous ( in the wonderful aesthetic beautification way , not in that she 's-way-cuter-than-me-that-b @ # $ * way ) .""]",wait staff,positive,0,service general,pleasant
"[""The wait staff is pleasant , fun , and for the most part gorgeous ( in the wonderful aesthetic beautification way , not in that she 's-way-cuter-than-me-that-b @ # $ * way ) .""]",wait staff,positive,0,service general,fun
"[""The wait staff is pleasant , fun , and for the most part gorgeous ( in the wonderful aesthetic beautification way , not in that she 's-way-cuter-than-me-that-b @ # $ * way ) .""]",wait staff,positive,0,service general,gorgeous
['fine dining restaurant quality .'],dining,positive,0,food quality,fine
"['I read reviews that called the restaurant too expensive and I thought to myself , but may be it is worth it .']",restaurant,negative,0,restaurant prices,expensive
"['I read reviews that called the restaurant too expensive and I thought to myself , but may be it is worth it .']",restaurant,negative,0,restaurant general,expensive
"['This tiny restaurant is as cozy as it gets , with that certain Parisian flair .']",restaurant,positive,0,ambience general,cozy
['and yes Dal Bukhara is so dam good and so are all the kababs .'],kababs,positive,0,food quality,good
['and yes Dal Bukhara is so dam good and so are all the kababs .'],Dal Bukhara,positive,0,food quality,good
['the crust was imazingly cooked well and pizza was fully loaded : ) : ) : )'],crust,positive,0,food quality,cooked well
['the crust was imazingly cooked well and pizza was fully loaded : ) : ) : )'],pizza,positive,0,food style_options,fully loaded
['I highly recommend the restaurant based on our experience last night .'],restaurant,positive,0,restaurant general,recommend
['We were 4 and got the family size penne a la vodka which was tremendously gigantic portion ... a bucket of food literally .'],penne a la vodka,positive,0,food style_options,gigantic
['Our server was very helpful and friendly .'],server,positive,0,service general,helpful
['Our server was very helpful and friendly .'],server,positive,0,service general,friendly
['Make sure you have the Spicy Scallop roll ...'],Spicy Scallop roll,positive,0,food quality,Make sure
['The service was attentive .'],service,positive,0,service general,attentive
['The service was fast and friendly and the food was very tasty and they had the best hot sauce to add to your meals .'],service,positive,0,service general,fast
['The service was fast and friendly and the food was very tasty and they had the best hot sauce to add to your meals .'],service,positive,0,service general,friendly
['The service was fast and friendly and the food was very tasty and they had the best hot sauce to add to your meals .'],food,positive,0,food quality,tasty
['The service was fast and friendly and the food was very tasty and they had the best hot sauce to add to your meals .'],hot sauce,positive,0,food quality,best
"['I must say I am surprised by the bad reviews of the restaurant earlier in the year , though .']",restaurant,positive,0,restaurant general,bad
"['Mistakes happen , but they are usually accompanied by an apology , perhaps even a glass of wine ... but not the grunt that we received from the Al Di La staff .']",staff,negative,0,service general,grunt
['The place is small and cramped but the food is fantastic .'],place,negative,0,ambience general,small
['The place is small and cramped but the food is fantastic .'],place,negative,0,ambience general,cramped
['The place is small and cramped but the food is fantastic .'],food,positive,0,food quality,fantastic
['I loved this place ! !'],place,positive,0,restaurant general,loved
['The lunch buffet is expensive but is deff worth it .'],lunch buffet,negative,0,food prices,expensive
['The lunch buffet is expensive but is deff worth it .'],lunch buffet,positive,0,food quality,worth
['The outdoor atmosphere of sitting on the sidewalk watching the world go by 50 feet away on 6th avenue on a cool evening was wonderful .'],outdoor atmosphere,positive,0,location general,wonderful
['The service is good and ambience is good for a date or group outing .'],service,positive,0,service general,good
['The service is good and ambience is good for a date or group outing .'],ambience,positive,0,ambience general,good
['The food now is inconsistent .'],food,negative,0,food quality,inconsistent
"['All in all the food was good - a little on the expensive side , but fresh .']",food,positive,0,food quality,fresh
"['All in all the food was good - a little on the expensive side , but fresh .']",food,positive,0,food quality,good
"['All in all the food was good - a little on the expensive side , but fresh .']",food,negative,0,food prices,expensive
['The servers at Flatbush Farm appear to have perfected that ghastly technique of making you feel guilty and ashamed for deigning to attract their attention .'],servers,negative,0,service general,perfected
['It is one the nicest outdoor restaurants I have ever seen in NY -- I am from Italy and this place rivals the ones in my country .'],outdoor restaurants,positive,0,ambience general,nicest
['Prices too high for this cramped and unappealing resturant .'],resturant,negative,0,restaurant prices,high
['Prices too high for this cramped and unappealing resturant .'],resturant,negative,0,ambience general,cramped
['Prices too high for this cramped and unappealing resturant .'],resturant,negative,0,ambience general,unappealing
['A quintessential slice of NYC pizza .'],slice of NYC pizza,neutral,0,food quality,quintessential
['But the staff was so horrible to us .'],staff,negative,0,service general,horrible
"['I picked the Grilled Black Cod as my entree , which I absolutely devoured while someone commented that the Grilled Salmon dish was better .']",Grilled Black Cod,positive,0,food quality,devoured
"['I picked the Grilled Black Cod as my entree , which I absolutely devoured while someone commented that the Grilled Salmon dish was better .']",Grilled Salmon dish,positive,0,food quality,better
['LOVE the atmosphere - felt like I was in Paris .'],atmosphere,positive,0,ambience general,LOVE
"[""One of us actually liked the expresso - that 's it .""]",expresso,positive,0,drinks quality,liked
['The pizza is delicious and the proprietor is one of the nicest in NYC .'],pizza,positive,0,food quality,delicious
['The pizza is delicious and the proprietor is one of the nicest in NYC .'],proprietor,positive,0,service general,nicest
"['In the evening , this place attracted a well dressed , with it , NY crowd .']",crowd,positive,0,restaurant miscellaneous,attracted
"[""In any event , this is a place I 'll be sure to stop by again when I 'm in this part of town .""]",place,positive,0,restaurant general,stop by again
"['For me dishes a little oily , but overall dining experience good .']",dishes,negative,0,food quality,oily
['Wait staff is blantently unappreciative of your business but its the best pie on the UWS !'],Wait staff,negative,0,service general,unappreciative
['Wait staff is blantently unappreciative of your business but its the best pie on the UWS !'],pie,positive,0,food quality,best
['I thought the restaurant was nice and clean .'],restaurant,positive,0,restaurant general,nice
['I thought the restaurant was nice and clean .'],restaurant,positive,0,ambience general,clean
['I love this place'],place,positive,0,restaurant general,love
['Mizu is home to creative and unique rolls not to found anywhere else .'],rolls,positive,0,food style_options,unique
['But the service is HORRID !'],service,negative,0,service general,HORRID
['Prices are fair across the board for both food and bev .'],food,positive,0,food prices,fair
['Prices are fair across the board for both food and bev .'],bev,positive,0,drinks prices,fair
"['If you ’ re planning to come here , make sure that your date is someone whom you really like since you ’ ll be ushered to private booths where there will be no people or food watching ( choose the ones on the ground level that have glass ceilings so you may see the stars in the sky ! ) .']",private booths,positive,0,ambience general,ushered
"[""The food was great and tasty , but the sitting space was too small , I do n't like being cramp in a corner .""]",food,positive,0,food quality,great
"[""The food was great and tasty , but the sitting space was too small , I do n't like being cramp in a corner .""]",food,positive,0,food quality,tasty
"[""The food was great and tasty , but the sitting space was too small , I do n't like being cramp in a corner .""]",sitting space,negative,0,ambience general,too small
['I have never been so disgusted by both food an service .'],food,negative,0,food quality,disgusted
['I have never been so disgusted by both food an service .'],service,negative,0,service general,disgusted
['Very affordable and excellent ambient !'],ambient,positive,0,ambience general,excellent
['I am relatively new to the area and tried Pick a bgel on 2nd and was disappointed with the service and I thought the food was overated and on the pricey side .'],service,negative,0,service general,disappointed
['I am relatively new to the area and tried Pick a bgel on 2nd and was disappointed with the service and I thought the food was overated and on the pricey side .'],food,negative,0,food prices,pricey
['I am relatively new to the area and tried Pick a bgel on 2nd and was disappointed with the service and I thought the food was overated and on the pricey side .'],food,negative,0,food quality,overated
"[""Once you step into Cosette , you 're miraculously in a small , off-the-beaten path Parisian bistro .""]",Cosette,positive,0,ambience general,off-the-beaten
['Great Atmosphere'],Atmosphere,positive,0,ambience general,Great
['The rice was poor quality and was cooked so badly it was hard .'],rice,negative,0,food quality,poor quality
['The rice was poor quality and was cooked so badly it was hard .'],rice,negative,0,food quality,cooked so badly
['The rice was poor quality and was cooked so badly it was hard .'],rice,negative,0,food quality,hard
"['For a restaurant with such a good reputation and that is usually so packed , there was no reason for such a lack of intelligent customer service .']",restaurant,positive,0,restaurant miscellaneous,good reputation
"['For a restaurant with such a good reputation and that is usually so packed , there was no reason for such a lack of intelligent customer service .']",customer service,negative,0,service general,intelligent
"[""I 'd highly recommend it for a special occasion -- it provides and intimate setting and nice service .""]",setting,positive,0,ambience general,intimate
"[""I 'd highly recommend it for a special occasion -- it provides and intimate setting and nice service .""]",service,positive,0,service general,nice
"[""I think I 've had some the best meals of my life at minnow .""]",meals,positive,0,food quality,best
['Stepping into Casa La Femme last night was a true experience unlike any other in New York !'],Casa La Femme,positive,0,restaurant general,true
['it was really good pizza .'],pizza,positive,0,food quality,good
"['This is the MOST wonderful restaurant in all of New York City , not just Brooklyn ...']",restaurant,positive,0,restaurant general,wonderful
['This little place definitely exceeded my expectations and you sure get a lot of food for your money .'],food,positive,0,food style_options,lot
['This little place definitely exceeded my expectations and you sure get a lot of food for your money .'],place,positive,0,restaurant general,exceeded my expectations
['This little place definitely exceeded my expectations and you sure get a lot of food for your money .'],food,positive,0,food prices,lot
['In summer-eat outside on a terrace ( another great feature of Suan ) ! ! !'],terrace,positive,0,ambience general,great
['The place is a BISTRO which means : simple dishes and wine served efficiently in a bustling atmosphere .'],dishes,positive,0,food style_options,simple
['The place is a BISTRO which means : simple dishes and wine served efficiently in a bustling atmosphere .'],atmosphere,positive,0,ambience general,bustling
['I was visiting New York City with a friend and we discovered this really warm and inviting restaurant .'],restaurant,positive,0,ambience general,inviting
"['The dinner was ok , nothing I would have again .']",dinner,negative,0,food quality,ok
['We asked for sides which the waiter than admitted that he forgot to put in that part of our order .'],waiter,negative,0,service general,forgot
['The shrimp scampi was excellent and the antipasti were plentiful .'],shrimp scampi,positive,0,food quality,excellent
['The shrimp scampi was excellent and the antipasti were plentiful .'],antipasti,positive,0,food style_options,plentiful
"['The chicken pot pie is exceptional , the cheeseburger huge and delictable , and the service professional wan warm .']",chicken pot pie,positive,0,food quality,exceptional
"['The chicken pot pie is exceptional , the cheeseburger huge and delictable , and the service professional wan warm .']",cheeseburger,positive,0,food style_options,huge
"['The chicken pot pie is exceptional , the cheeseburger huge and delictable , and the service professional wan warm .']",cheeseburger,positive,0,food quality,delictable
"['The chicken pot pie is exceptional , the cheeseburger huge and delictable , and the service professional wan warm .']",service,positive,0,service general,professional
"['The chicken pot pie is exceptional , the cheeseburger huge and delictable , and the service professional wan warm .']",service,positive,0,service general,warm
['The food was authentic .'],food,positive,0,food quality,authentic
"['We thought the dessert would be better , Wrong !']",dessert,negative,0,food quality,Wrong
['The sushi is amazing ! ! !'],sushi,positive,0,food quality,amazing
['Service was good and food is wonderful .'],Service,positive,0,service general,good
['Service was good and food is wonderful .'],food,positive,0,food quality,wonderful
['You must try the shrimp appetizers .'],shrimp appetizers,positive,0,food quality,try
"[""My husband said he could 've eaten several more , the portion was fine for me he even exclaimed that the french fries were the best he has had .""]",portion,positive,0,food style_options,fine
"[""My husband said he could 've eaten several more , the portion was fine for me he even exclaimed that the french fries were the best he has had .""]",french fries,positive,0,food quality,best
"['for 7 years they have put out the most tasty , most delicious food and kept it that way ...']",food,positive,0,food quality,tasty
['The mussels were fantastic and so was the dessert ... definitely going to be back very soon .'],mussels,positive,0,food quality,fantastic
['The mussels were fantastic and so was the dessert ... definitely going to be back very soon .'],dessert,positive,0,food quality,fantastic
['Slightly above average wines start at $ 70+ with only one selection listed at $ 30+ .'],wines,negative,0,drinks quality,above average
['Slightly above average wines start at $ 70+ with only one selection listed at $ 30+ .'],wines,negative,0,drinks prices,above average
"['There was no tap beer that evening , which was a disappointment .']",beer,negative,0,drinks style_options,disappointment
['Hats off to the chef .'],chef,positive,0,food quality,Hats off
['Love Al Di La'],Al Di La,positive,0,restaurant general,Love
"['Yes , the place is classy and beautiful , but they most certainly target the uber whealthy Not the common joe that wants to go all out every once in a while .']",place,positive,0,ambience general,classy
"['Yes , the place is classy and beautiful , but they most certainly target the uber whealthy Not the common joe that wants to go all out every once in a while .']",place,positive,0,ambience general,beautiful
"['Yes , the place is classy and beautiful , but they most certainly target the uber whealthy Not the common joe that wants to go all out every once in a while .']",place,negative,0,restaurant prices,target the uber whealthy
"[""The baked clams octopus we shared as appetizers were the best we 've ever had ! !""]",baked clams octopus,positive,0,food quality,best
"['If we were to move from the upper east side , we would genuinely miss this restaurant .']",restaurant,positive,0,restaurant general,miss
"['Pizza - the only pizza in NYC that should not have additional toppings - the crust tastes like the best , freshly baked bread !']",crust,positive,0,food quality,best
"['Pizza - the only pizza in NYC that should not have additional toppings - the crust tastes like the best , freshly baked bread !']",pizza,positive,0,food quality,should not have additional toppings
"['Best Italian food I ever had ( and being Italian , that means alot ) .']",Italian food,positive,0,food quality,Best
"['I LOOOVE their eggplant pizza , as well as their pastas !']",eggplant pizza,positive,0,food quality,LOOOVE
"['I LOOOVE their eggplant pizza , as well as their pastas !']",pastas,positive,0,food quality,LOOOVE
['Who has room for Cheesesticks with the best pizza in NYC !'],pizza,positive,0,food quality,best
['The characters really make for an enjoyable experience .'],characters,positive,0,ambience general,enjoyable
"[""Over the years the host , Vittorio , and his crew , have always treated me as family -- although with all the business this not-so-little gem does , it amazing he 's even able to remember a consistent but not-so-frequent visitor .""]",host,positive,0,service general,amazing
"[""Over the years the host , Vittorio , and his crew , have always treated me as family -- although with all the business this not-so-little gem does , it amazing he 's even able to remember a consistent but not-so-frequent visitor .""]",crew,positive,0,service general,treated me as family
"['The quantity is also very good , you will come out satisfied .']",quantity,positive,0,food style_options,good
"['The quantity is also very good , you will come out satisfied .']",quantity,positive,0,food style_options,satisfied
['Service was quick .'],Service,positive,0,service general,quick
['A coworker and I tried Pacifico after work a few Fridays and loved it .'],Pacifico,positive,0,restaurant general,loved
['The waitress was not attentive at all .'],waitress,negative,0,service general,not attentive
"[""If you do n't mind pre-sliced low quality fish , unfriendly staff and a sushi chef that looks like he is miserable then this is your place .""]",fish,negative,0,food quality,low quality
"[""If you do n't mind pre-sliced low quality fish , unfriendly staff and a sushi chef that looks like he is miserable then this is your place .""]",staff,negative,0,service general,unfriendly
"[""If you do n't mind pre-sliced low quality fish , unfriendly staff and a sushi chef that looks like he is miserable then this is your place .""]",sushi chef,negative,0,restaurant miscellaneous,miserable
"['Furthermore , the rice had no seasoning , so the sushi was bland and disgusting .']",rice,negative,0,food quality,no seasoning
"['Furthermore , the rice had no seasoning , so the sushi was bland and disgusting .']",sushi,negative,0,food quality,bland
"['Furthermore , the rice had no seasoning , so the sushi was bland and disgusting .']",sushi,negative,0,food quality,disgusting
"['The first time I went , and was completely taken by the live jazz band and atmosphere , I ordered the Lobster Cobb Salad .']",live jazz band,positive,0,ambience general,taken
"['The first time I went , and was completely taken by the live jazz band and atmosphere , I ordered the Lobster Cobb Salad .']",atmosphere,positive,0,ambience general,taken
"['I had their eggs benedict for brunch , which were the worst in my entire life , I tried removing the hollondaise sauce completely that was how failed it was .']",eggs benedict,negative,0,food quality,worst
['Kind of a small place but I guess if they are not too busy might be able to fit a group or kids .'],place,neutral,0,restaurant miscellaneous,small
['My Girlfriend and I stumbled onto this hopping place the other night and had a great time !'],place,positive,0,restaurant general,hopping
['My Girlfriend and I stumbled onto this hopping place the other night and had a great time !'],place,positive,0,restaurant general,great time
"[""The hot dogs are top notch , and they 're Slamwich is amazing !""]",hot dogs,positive,0,food quality,top notch
"[""The hot dogs are top notch , and they 're Slamwich is amazing !""]",Slamwich,positive,0,food quality,amazing
['skip dessert .'],dessert,negative,0,food quality,skip
['The service was quick and friendly .'],service,positive,0,service general,quick
['Chow fun was dry ; pork shu mai was more than usually greasy and had to share a table with loud and rude family .'],Chow fun,negative,0,food quality,dry
['Chow fun was dry ; pork shu mai was more than usually greasy and had to share a table with loud and rude family .'],pork shu mai,negative,0,food quality,greasy
"[""Yes , they use fancy ingredients , but even fancy ingredients do n't make for good pizza unless someone knows how to get the crust right .""]",ingredients,positive,0,food quality,fancy
"[""Yes , they use fancy ingredients , but even fancy ingredients do n't make for good pizza unless someone knows how to get the crust right .""]",pizza,negative,0,food quality,do n't make for good pizza
['Authentic Pakistani food .'],Pakistani food,positive,0,food quality,Authentic
['The food was actually aweful .'],food,negative,0,food quality,aweful
['This is by far my favorite place in the neighborhood .'],place,positive,0,restaurant general,favorite
['This restaurant was way overhyped .'],restaurant,negative,0,restaurant general,overhyped
['Best restaurant in Brooklyn'],restaurant,positive,0,restaurant general,Best
"['Service was slow , but the people were friendly .']",Service,negative,0,service general,slow
"['Service was slow , but the people were friendly .']",people,positive,0,service general,friendly
"['However , I think Jeckll and Hydes t is one of those places that is fun to do once .']",Jeckll and Hydes,positive,0,restaurant general,fun
"['The fish was really , really fresh .']",fish,positive,0,food quality,fresh
['I had a grat time at Jekyll and Hyde !'],Jekyll and Hyde,positive,0,restaurant general,had a grat time
['the drinks are amazing and half off till 8pm .'],drinks,positive,0,drinks quality,amazing
['the drinks are amazing and half off till 8pm .'],drinks,positive,0,drinks prices,amazing
"['The last two times I ordered from here my food was soo spicy that I could barely eat it , and the spice took away from the flavor of the dish .']",food,negative,0,food quality,spicy
"['The last two times I ordered from here my food was soo spicy that I could barely eat it , and the spice took away from the flavor of the dish .']",spice,negative,0,food quality,could barely eat it
['Haru on Park S is simply disgusting .'],Haru on Park S,negative,0,restaurant general,disgusting
"[""those rolls were big , but not good and sashimi was n't fresh .""]",rolls,positive,0,food style_options,big
"[""those rolls were big , but not good and sashimi was n't fresh .""]",rolls,negative,0,food quality,not good
"[""those rolls were big , but not good and sashimi was n't fresh .""]",sashimi,negative,0,food quality,was n't fresh
"['This place is really trendi but they have forgotten about the most important part of a restaurant , the food .']",food,negative,0,food quality,forgotten
"['This place is really trendi but they have forgotten about the most important part of a restaurant , the food .']",place,positive,0,ambience general,trendi
['Pacifico is a great place to casually hang out .'],Pacifico,positive,0,restaurant miscellaneous,great
"['I attended a holiday dinner at the restaurant , and the food was majorly disappointing .']",food,negative,0,food quality,disappointing
['You should pass on the calamari .'],calamari,negative,0,food quality,pass
"[""If you 've ever been along the river in Weehawken you have an idea of the top of view the chart house has to offer .""]",view,positive,0,location general,the top of view the chart house has to offer
['The only thing more wonderful than the food ( which is exceptional ) is the service .'],food,positive,0,food quality,exceptional
['The only thing more wonderful than the food ( which is exceptional ) is the service .'],service,positive,0,service general,wonderful
"[""short and sweet – seating is great : it 's romantic , cozy and private .""]",seating,positive,0,ambience general,great
['She was very helpful in suggesting us drinks and helped us in ordering a lot of good dishes since we knew nothing about Indian food .'],dishes,positive,0,food quality,good
['The rolls are creative and I have yet to find another sushi place that serves up more inventive yet delicious japanese food .'],rolls,positive,0,food style_options,creative
['The rolls are creative and I have yet to find another sushi place that serves up more inventive yet delicious japanese food .'],japanese food,positive,0,food style_options,inventive
['The rolls are creative and I have yet to find another sushi place that serves up more inventive yet delicious japanese food .'],japanese food,positive,0,food quality,delicious
"[""I have it a 4 instead of 5 because of the price ( just chicken tikka masala - no bread of rice - is $ 25 ) , which I would expect at a upscale Indian restaurant but this place doesn 't have an upscale feel .""]",place,positive,0,restaurant general,4 instead of 5
"[""I have it a 4 instead of 5 because of the price ( just chicken tikka masala - no bread of rice - is $ 25 ) , which I would expect at a upscale Indian restaurant but this place doesn 't have an upscale feel .""]",chicken tikka masala,negative,0,food prices,no bread of rice
"[""I have it a 4 instead of 5 because of the price ( just chicken tikka masala - no bread of rice - is $ 25 ) , which I would expect at a upscale Indian restaurant but this place doesn 't have an upscale feel .""]",feel,negative,0,ambience general,doesn 't have an upscale feel
['The pizza is overpriced and soggy .'],pizza,negative,0,food quality,soggy
['The pizza is overpriced and soggy .'],pizza,negative,0,food prices,overpriced
['The food looked very appetizing and delicious since it came on a variety of fancy plates .'],food,positive,0,food style_options,appetizing
['The food looked very appetizing and delicious since it came on a variety of fancy plates .'],food,positive,0,food style_options,delicious
['Hands down the best pizza on the planet .'],pizza,positive,0,food quality,best
"['never swaying , never a bad meal , never bad service ...']",meal,positive,0,food quality,never a bad
"['never swaying , never a bad meal , never bad service ...']",service,positive,0,service general,never bad
['The martinis are amazing and very fairly priced .'],martinis,positive,0,drinks quality,amazing
['The martinis are amazing and very fairly priced .'],martinis,positive,0,drinks prices,fairly priced
['Despite the confusing mirrors this will likely be my go-to for modern Japanese food for the foreseeable future .'],modern Japanese food,positive,0,food quality,go-to for
['Despite the confusing mirrors this will likely be my go-to for modern Japanese food for the foreseeable future .'],mirrors,negative,0,ambience general,confusing
"[""However , if you want great food at a great price and do n't mind the decor , you ca n't beat this place .""]",food,positive,0,food quality,great
"[""However , if you want great food at a great price and do n't mind the decor , you ca n't beat this place .""]",food,positive,0,food prices,great
['Avoid this place !'],place,negative,0,restaurant general,Avoid
"['Quite frankly , this is some of the worst sushi I have ever tried .']",sushi,negative,0,food quality,worst
['I would definitely recommend SEA if you like thai cuisine !'],thai cuisine,positive,0,food quality,like
"['I have eaten at Saul , many times , the food is always consistently , outrageously good .']",food,positive,0,food quality,good
['Big Wong gets big Ups for a fine establishment .'],Big Wong,positive,0,restaurant general,big Ups
['Big Wong gets big Ups for a fine establishment .'],Big Wong,positive,0,restaurant general,fine
"['The lamb was tender so full of flavor , the dessert was divine ! !']",lamb,positive,0,food quality,tender
"['The lamb was tender so full of flavor , the dessert was divine ! !']",dessert,positive,0,food quality,divine
['THe Pizza and wine were excellent -- the service too -- but what really MADE this place was the backyard dining area .'],Pizza,positive,0,food quality,excellent
['THe Pizza and wine were excellent -- the service too -- but what really MADE this place was the backyard dining area .'],wine,positive,0,drinks quality,excellent
['THe Pizza and wine were excellent -- the service too -- but what really MADE this place was the backyard dining area .'],service,positive,0,service general,excellent
['Only complaint is the pricing -- I believe it would be more reasonable to pay a dollar less on each item listed on the menu .'],menu,negative,0,food prices,complaint
['Service was also very good .'],Service,positive,0,service general,good
['Try the lobster teriyaki and the rose special roll .'],lobster teriyaki,positive,0,food quality,Try
['Try the lobster teriyaki and the rose special roll .'],rose special roll,positive,0,food quality,Try
"['They have it all -- great price , food , and service .']",food,positive,0,food quality,great
"['They have it all -- great price , food , and service .']",service,positive,0,service general,great
"['The blond wood decor is very soothing , the premium sake is excellent and the service is great .']",blond wood decor,positive,0,ambience general,soothing
"['The blond wood decor is very soothing , the premium sake is excellent and the service is great .']",premium sake,positive,0,drinks quality,soothing
"['The blond wood decor is very soothing , the premium sake is excellent and the service is great .']",service,positive,0,service general,great
['This place is great .'],place,positive,0,restaurant general,great
"[""Watch the talented belly dancers as you enjoy delicious baba ganoush that 's more lemony than smoky .""]",baba ganoush,positive,0,food quality,enjoy delicious
"[""Watch the talented belly dancers as you enjoy delicious baba ganoush that 's more lemony than smoky .""]",belly dancers,positive,0,ambience general,talented
"[""Service was devine , oysters where a sensual as they come , and the price ca n't be beat ! ! !""]",Service,positive,0,service general,devine
"[""Service was devine , oysters where a sensual as they come , and the price ca n't be beat ! ! !""]",oysters,positive,0,food quality,sensual
['I go and eat out at many different restaurants and this is one place you have go and try .'],place,positive,0,restaurant general,have go and try
"[""Friendly staff that actually lets you enjoy your meal and the company you 're with .""]",staff,positive,0,service general,Friendly
['Zero ambiance to boot .'],ambiance,negative,0,ambience general,Zero
['The sake menu should not be overlooked !'],sake menu,positive,0,drinks style_options,overlooked
"['Very `` normal Indian food `` , but done really well .']",Indian food,neutral,0,food style_options,normal
"['Very `` normal Indian food `` , but done really well .']",Indian food,positive,0,food quality,well
"[""There is a downside if you 're ordering in -- the delivery guys have MAJOR attitude .""]",delivery guys,negative,0,service general,downside
['but the service was a bit slow .'],service,negative,0,service general,slow
"['Best of all is the warm vibe , the owner is super friendly and service is fast .']",vibe,positive,0,ambience general,warm
"['Best of all is the warm vibe , the owner is super friendly and service is fast .']",owner,positive,0,service general,friendly
"['Best of all is the warm vibe , the owner is super friendly and service is fast .']",service,positive,0,service general,fast
['The main entree was also very good .'],main entree,positive,0,food quality,good
"[""Also , I personally was n't a fan of the portobello and asparagus mole .""]",portobello and asparagus mole,negative,0,food quality,fan
['I really like both the scallops and the mahi mahi ( on saffron risotto yum ! ) .'],scallops,positive,0,food quality,like
['I really like both the scallops and the mahi mahi ( on saffron risotto yum ! ) .'],mahi mahi ( on saffron risotto,positive,0,food quality,like
"[""Try their chef 's specials -- they are to die for .""]",chef 's specials,positive,0,food quality,Try
"[""Try their chef 's specials -- they are to die for .""]",chef 's specials,positive,0,food quality,die for
"['It was the first place we ate on our first trip to New York , and it will be the last place we stop as we head out of town on our next trip to New York .']",place,positive,0,restaurant miscellaneous,the last place we stop
['Personal pans are the perfect size for those hungry nights .'],Personal pans,positive,0,food style_options,perfect
"['Very immature bartender , didnt know how to make specific drinks , service was so slowwwww , the food was not fresh or warm , waitresses were busy flirting with men at the bar and werent very attentive to all the customers .']",bartender,negative,0,service general,immature
"['Very immature bartender , didnt know how to make specific drinks , service was so slowwwww , the food was not fresh or warm , waitresses were busy flirting with men at the bar and werent very attentive to all the customers .']",service,negative,0,service general,slowwwww
"['Very immature bartender , didnt know how to make specific drinks , service was so slowwwww , the food was not fresh or warm , waitresses were busy flirting with men at the bar and werent very attentive to all the customers .']",food,negative,0,food quality,not fresh or warm
"['Very immature bartender , didnt know how to make specific drinks , service was so slowwwww , the food was not fresh or warm , waitresses were busy flirting with men at the bar and werent very attentive to all the customers .']",waitresses,negative,0,service general,werent very attentive
"['The pastas are incredible , the risottos ( particularly the sepia ) are fantastic and the braised rabbit is amazing .']",pastas,positive,0,food quality,incredible
"['The pastas are incredible , the risottos ( particularly the sepia ) are fantastic and the braised rabbit is amazing .']",risottos,positive,0,food quality,fantastic
"['The pastas are incredible , the risottos ( particularly the sepia ) are fantastic and the braised rabbit is amazing .']",sepia,positive,0,food quality,fantastic
"['The pastas are incredible , the risottos ( particularly the sepia ) are fantastic and the braised rabbit is amazing .']",braised rabbit,positive,0,food quality,amazing
['amazing fun for hot dog lovers of all ages PLEASE do yourself a favor and check this place out ! ! ! !'],place,positive,0,restaurant general,check this place out
['amazing fun for hot dog lovers of all ages PLEASE do yourself a favor and check this place out ! ! ! !'],hot dog,positive,0,food quality,amazing fun
"['We are very particular about sushi and were both please with every choice which included : ceviche mix ( special ) , crab dumplings , assorted sashimi , sushi and rolls , two types of sake , and the banana tempura .']",sushi,positive,0,food quality,particular
"['We are very particular about sushi and were both please with every choice which included : ceviche mix ( special ) , crab dumplings , assorted sashimi , sushi and rolls , two types of sake , and the banana tempura .']",ceviche mix ( special ),positive,0,food quality,please
"['We are very particular about sushi and were both please with every choice which included : ceviche mix ( special ) , crab dumplings , assorted sashimi , sushi and rolls , two types of sake , and the banana tempura .']",crab dumplings,positive,0,food quality,please
"['We are very particular about sushi and were both please with every choice which included : ceviche mix ( special ) , crab dumplings , assorted sashimi , sushi and rolls , two types of sake , and the banana tempura .']",assorted sashimi,positive,0,food quality,please
"['We are very particular about sushi and were both please with every choice which included : ceviche mix ( special ) , crab dumplings , assorted sashimi , sushi and rolls , two types of sake , and the banana tempura .']",sushi,positive,0,food quality,particular
"['We are very particular about sushi and were both please with every choice which included : ceviche mix ( special ) , crab dumplings , assorted sashimi , sushi and rolls , two types of sake , and the banana tempura .']",rolls,positive,0,food quality,please
"['We are very particular about sushi and were both please with every choice which included : ceviche mix ( special ) , crab dumplings , assorted sashimi , sushi and rolls , two types of sake , and the banana tempura .']",two types of sake,positive,0,drinks quality,please
"['We are very particular about sushi and were both please with every choice which included : ceviche mix ( special ) , crab dumplings , assorted sashimi , sushi and rolls , two types of sake , and the banana tempura .']",banana tempura,positive,0,food quality,please
"['Well , this place is so Ghetto its not even funny .']",place,negative,0,ambience general,Ghetto
"['Well , this place is so Ghetto its not even funny .']",place,negative,0,ambience general,not even funny
['We ended our great experience by having Gulab Jamun ( dessert ) recommended by the waiter .'],Gulab Jamun ( dessert ),positive,0,food quality,great
['Good food : my favorite is the seafood spaghetti .'],food,positive,0,food quality,Good
['Good food : my favorite is the seafood spaghetti .'],seafood spaghetti,positive,0,food quality,favorite
['I will go back to Suan soon !'],Suan,positive,0,restaurant general,go back
['Great bagels made the old-fashioned way .'],bagels,positive,0,food quality,Great
['Great bagels made the old-fashioned way .'],bagels,positive,0,food style_options,Great
['Had no flavor and the staff is rude and not attentive .'],staff,negative,0,service general,rude
['Had no flavor and the staff is rude and not attentive .'],staff,negative,0,service general,not attentive
['The design of the space is good .'],space,positive,0,ambience general,good
"[""I have tried to make reservations , but both times , the hostess did n't have my name .""]",hostess,negative,0,service general,did n't have my name
"[""When you 're sitting in their main dining room ( which has a spectacular , hand-painted high ceiling ) you 'd never know there was a world outside .""]",main dining room,positive,0,ambience general,spectacular
"[""When you 're sitting in their main dining room ( which has a spectacular , hand-painted high ceiling ) you 'd never know there was a world outside .""]",ceiling,positive,0,ambience general,spectacular
"[""When you 're sitting in their main dining room ( which has a spectacular , hand-painted high ceiling ) you 'd never know there was a world outside .""]",ceiling,positive,0,ambience general,hand-painted high
['honestly the worst sushi my husband and i had in our entire lives .'],sushi,negative,0,food quality,worst
['Big Wong is a great place to eat and fill your stomach .'],Big Wong,positive,0,restaurant general,great
['The drinks are always welll made and wine selection is fairly priced .'],drinks,positive,0,drinks quality,welll made
['The drinks are always welll made and wine selection is fairly priced .'],wine selection,positive,0,drinks prices,fairly priced
['Service is fast and friendly .'],Service,positive,0,service general,fast
['Service is fast and friendly .'],Service,positive,0,service general,friendly
['Traditional French decour was pleasant though the hall was rather noisy - the restaurant was full and we had to raise our voices to be able to maintain a conversation .'],Traditional French decour,positive,0,ambience general,pleasant
['Traditional French decour was pleasant though the hall was rather noisy - the restaurant was full and we had to raise our voices to be able to maintain a conversation .'],hall,negative,0,ambience general,noisy
['This small Astoria souvlaki spot makes what many consider the best gyros in New York .'],gyros,positive,0,food quality,best
['After the 4th time i asked again and the waiter than said after our dinner .'],waiter,negative,0,service general,asked again
"['im not necessarily fanatical about this place , but it was a fun time for low pirces .']",place,positive,0,restaurant general,fanatical
"['im not necessarily fanatical about this place , but it was a fun time for low pirces .']",place,positive,0,restaurant prices,fanatical
"['The sandwiches are dry , tasteless and way overpriced .']",sandwiches,negative,0,food quality,dry
"['The sandwiches are dry , tasteless and way overpriced .']",sandwiches,negative,0,food quality,tasteless
"['The sandwiches are dry , tasteless and way overpriced .']",sandwiches,negative,0,food prices,overpriced
['Go to Volare for 1st class service and terrific food .'],service,positive,0,service general,1st class
['Go to Volare for 1st class service and terrific food .'],food,positive,0,food quality,terrific
"[""The dosas are skimpy , unattractive and drip with grease , and personally I 'd drink popcorn topping before I 'd eat another one of these .""]",dosas,negative,0,food style_options,skimpy
"[""The dosas are skimpy , unattractive and drip with grease , and personally I 'd drink popcorn topping before I 'd eat another one of these .""]",dosas,negative,0,food quality,unattractive
"['whoever the jazz duo was , they were on POINT .']",jazz duo,positive,0,ambience general,on POINT
"[""We did n't want a bottle of bubbly on a weekday so we each got little bottles of Korbett it was just enough .""]",bottles of Korbett,positive,0,drinks style_options,enough
['Favorite Sushi in NYC'],Sushi,positive,0,food quality,Favorite
"['Both times I was extremely dissappointed by the service , which was boarderline rude .']",service,negative,0,service general,dissappointed
"['Both times I was extremely dissappointed by the service , which was boarderline rude .']",service,negative,0,service general,rude
['Mermaid Inn is an overall good restaurant with really good seafood .'],seafood,positive,0,food quality,good
['Mermaid Inn is an overall good restaurant with really good seafood .'],Mermaid Inn,positive,0,restaurant general,good
"['By the time we left our wallets were empy and so were our stomachs AND we missed the show we were supposed to see following our dinner , which would have been acceptable if we got to enjoy the experience of good food and belly dancers !']",food,negative,0,food quality,our wallets were empy and so were our stomachs
"['Have recommended the place to friends , always gets good response .']",place,positive,0,restaurant miscellaneous,recommended
['The combination of super-fresh ingredients in the dishes are unusual but really delicious .'],ingredients,positive,0,food quality,super-fresh
['The combination of super-fresh ingredients in the dishes are unusual but really delicious .'],ingredients,positive,0,food quality,delicious
['I am reluctant to write because I would not want my jem of a pizza place to become overcrowded .'],pizza place,positive,0,restaurant miscellaneous,overcrowded
['I recieved prompt service with a smile .'],service,positive,0,service general,prompt
"['Try the crunchy tuna , it is to die for .']",crunchy tuna,positive,0,food quality,Try
"['Try the crunchy tuna , it is to die for .']",crunchy tuna,positive,0,food quality,die for
"[""Baluchi 's has solid food and a nice decor at reasonable prices .""]",food,positive,0,food quality,solid
"[""Baluchi 's has solid food and a nice decor at reasonable prices .""]",decor,positive,0,ambience general,nice
"[""Baluchi 's has solid food and a nice decor at reasonable prices .""]",Baluchi 's,positive,0,restaurant prices,solid
"['Service here was great , food was fantastic .']",Service,positive,0,service general,great
"['Service here was great , food was fantastic .']",food,positive,0,food quality,fantastic
['Great Shabu Shabu'],Shabu Shabu,positive,0,food quality,Great
"['An unpretentious spot in Park Slope , the sushi is consistently good , the service is pleasant , effective and unassuming .']",spot,positive,0,ambience general,unpretentious
"['An unpretentious spot in Park Slope , the sushi is consistently good , the service is pleasant , effective and unassuming .']",sushi,positive,0,food quality,good
"['An unpretentious spot in Park Slope , the sushi is consistently good , the service is pleasant , effective and unassuming .']",service,positive,0,service general,pleasant
"['An unpretentious spot in Park Slope , the sushi is consistently good , the service is pleasant , effective and unassuming .']",service,positive,0,service general,effective
"['An unpretentious spot in Park Slope , the sushi is consistently good , the service is pleasant , effective and unassuming .']",service,positive,0,service general,unassuming
"['In the summer months , the back garden area is really nice .']",back garden area,positive,0,ambience general,nice
['the all-u-can-eat sushi is definitely in very poor quality .'],all-u-can-eat sushi,negative,0,food quality,poor quality
"['I highly recommend the fish tacos , everything else was ok .']",fish tacos,positive,0,food quality,recommend
['It is definitely a good spot for snacks and chat .'],spot,positive,0,restaurant general,good
['I book a gorgeous white organza tent which included a four course prix fix menu which we enjoyed a lot .'],four course prix fix menu,positive,0,food quality,enjoyed
['I book a gorgeous white organza tent which included a four course prix fix menu which we enjoyed a lot .'],white organza tent,positive,0,ambience general,gorgeous
"[""I would recommend Roxy 's for that , but not for their food .""]",food,negative,0,food quality,recommend
"[""The mussles were the fishiest things I 've ever tasted , the seabass was bland , the goat cheese salad was missing the goat cheese , the penne w/ chicken had bones in it ... It was disgusting .""]",mussles,negative,0,food quality,fishiest
"[""The mussles were the fishiest things I 've ever tasted , the seabass was bland , the goat cheese salad was missing the goat cheese , the penne w/ chicken had bones in it ... It was disgusting .""]",seabass,negative,0,food quality,bland
"[""The mussles were the fishiest things I 've ever tasted , the seabass was bland , the goat cheese salad was missing the goat cheese , the penne w/ chicken had bones in it ... It was disgusting .""]",goat cheese salad,negative,0,food quality,missing
"[""The mussles were the fishiest things I 've ever tasted , the seabass was bland , the goat cheese salad was missing the goat cheese , the penne w/ chicken had bones in it ... It was disgusting .""]",penne w/ chicken,negative,0,food quality,disgusting
['Make sure you try this place as often as you can .'],place,positive,0,restaurant general,try
"['I am not a vegetarian but , almost all the dishes were great .']",dishes,positive,0,food quality,great
['Great food and the prices are very reasonable .'],food,positive,0,food quality,Great
['The wine list is extensive and impressive .'],wine list,positive,0,drinks style_options,extensive
['The wine list is extensive and impressive .'],wine list,positive,0,drinks style_options,impressive
['Wine list is extensive without being over-priced .'],Wine list,positive,0,drinks style_options,extensive without being over-priced
['Wine list is extensive without being over-priced .'],Wine list,positive,0,drinks prices,extensive without being over-priced
"['We recently decided to try this location , and to our delight , they have outdoor seating , perfect since I had my yorkie with me .']",outdoor seating,positive,0,ambience general,perfect
['The food was ok and fair nothing to go crazy .'],food,neutral,0,food quality,ok
"['I also ordered the Change Mojito , which was out of this world .']",Change Mojito,positive,0,drinks quality,out of this world
['( Always ask the bartender for the SEASONAL beer ! ! !'],SEASONAL beer,positive,0,drinks quality,Always ask
"['The meat is fresh , the sauces are great , you get kimchi and a salad free with your meal and service is good too .']",meat,positive,0,food quality,fresh
"['The meat is fresh , the sauces are great , you get kimchi and a salad free with your meal and service is good too .']",sauces,positive,0,food quality,great
"['The meat is fresh , the sauces are great , you get kimchi and a salad free with your meal and service is good too .']",service,positive,0,service general,good
"['The meat is fresh , the sauces are great , you get kimchi and a salad free with your meal and service is good too .']",kimchi,positive,0,food prices,free
"['The meat is fresh , the sauces are great , you get kimchi and a salad free with your meal and service is good too .']",salad,positive,0,food prices,free
['The pizza was great .'],pizza,positive,0,food quality,great
['This is the best sushi in new york city - hands down .'],sushi,positive,0,food quality,best
"['The food here is rather good , but only if you like to wait for it .']",food,positive,0,food quality,good
['Raymond the bartender rocks !'],Raymond,positive,0,service general,rocks
"[""Too bad the food was n't of the same heritage .""]",food,negative,0,food quality,bad
['The staff offers impeccable service .'],staff,positive,0,service general,impeccable
['I had the Lamb special which was perfect .'],Lamb special,positive,0,food quality,perfect
['Waitstaff are very friendly .'],Waitstaff,positive,0,service general,friendly
"['The portion sizes here are huge , and the sushi is good .']",portion sizes,positive,0,food style_options,huge
"['The portion sizes here are huge , and the sushi is good .']",sushi,positive,0,food quality,good
['Enjoyed a very nice Caesar Salad while my wife had arugula and goat cheese ... both very tasty .'],Caesar Salad,positive,0,food quality,Enjoyed
['Enjoyed a very nice Caesar Salad while my wife had arugula and goat cheese ... both very tasty .'],Caesar Salad,positive,0,food quality,nice
['Enjoyed a very nice Caesar Salad while my wife had arugula and goat cheese ... both very tasty .'],arugula and goat cheese,positive,0,food quality,tasty
"['We concluded with tiramisu chocolate cake , both were delicious .']",tiramisu chocolate cake,positive,0,food quality,delicious
"[""The food 's as good as ever .""]",food,positive,0,food quality,good
"['The rest of the dim sum , though pricey by Chinatown standards , is worth it .']",dim sum,negative,0,food prices,pricey
"['The rest of the dim sum , though pricey by Chinatown standards , is worth it .']",dim sum,positive,0,food quality,worth
['Beef noodle soup is good as well .'],Beef noodle soup,positive,0,food quality,good
['cirspy crust margherita pizza'],margherita pizza,positive,0,food quality,cirspy crust
"['Great food , amazing service , this place is a class act .']",food,positive,0,food quality,Great
"['Great food , amazing service , this place is a class act .']",service,positive,0,service general,amazing
"['Great food , amazing service , this place is a class act .']",place,positive,0,restaurant general,class act
"[""All the various Greek and Cypriot dishes are excellent , but the gyro is the reason to come -- if you do n't eat one your trip was wasted .""]",Greek and Cypriot dishes,positive,0,food quality,excellent
"[""All the various Greek and Cypriot dishes are excellent , but the gyro is the reason to come -- if you do n't eat one your trip was wasted .""]",gyro,positive,0,food quality,the reason to come
['Fresh ingredients and everything is made to order .'],ingredients,positive,0,food quality,Fresh
"['the pad se ew chicken was delicious , however the pad thai was far too oily .']",pad se ew chicken,positive,0,food quality,delicious
"['the pad se ew chicken was delicious , however the pad thai was far too oily .']",pad thai,negative,0,food quality,oily
['The Prix Fixe menu is worth every penny and you get more than enough ( both in quantity AND quality ) .'],Prix Fixe menu,positive,0,food quality,worth
['The Prix Fixe menu is worth every penny and you get more than enough ( both in quantity AND quality ) .'],Prix Fixe menu,positive,0,food style_options,worth
['The Prix Fixe menu is worth every penny and you get more than enough ( both in quantity AND quality ) .'],Prix Fixe menu,positive,0,food prices,worth
['It ’ s just you and your date and an occasional cute ‘ excuse me ’ before the waiter opens the little curtain to your booth !'],waiter,positive,0,service general,cute
['Somehow working the italian charm with constant mille grazie does not constitute proper service .'],service,negative,0,service general,not constitute proper
"['Nice atmosphere , the service was very pleasant and the desert was good .']",atmosphere,positive,0,ambience general,Nice
"['Nice atmosphere , the service was very pleasant and the desert was good .']",service,positive,0,service general,pleasant
"['Nice atmosphere , the service was very pleasant and the desert was good .']",desert,positive,0,food quality,good
['Nice Family owned traditional restaurant .'],restaurant,positive,0,restaurant general,traditional
"['An awesome organic dog , and a conscious eco friendly establishment .']",dog,positive,0,food quality,organic
"['An awesome organic dog , and a conscious eco friendly establishment .']",establishment,positive,0,restaurant miscellaneous,eco friendly
['I highly recommend this beautiful place .'],place,positive,0,ambience general,recommend
['I highly recommend this beautiful place .'],place,positive,0,restaurant general,beautiful
"['Not much of a selection of bottled beer either , we went with Brahma .']",selection of bottled beer,negative,0,drinks style_options,Not much
"[""however , it 's the service that leaves a bad taste in my mouth .""]",service,negative,0,service general,bad taste
['This place has the best Chinese style BBQ ribs in the city .'],BBQ ribs,positive,0,food quality,best
['This place has the best Chinese style BBQ ribs in the city .'],BBQ ribs,positive,0,food style_options,best
['This place survives on reputation alone .'],place,negative,0,restaurant miscellaneous,survives on reputation alone
"['The decor is night tho ... but they REALLY need to clean that vent in the ceiling ... its quite un-appetizing , and kills your effort to make this place look sleek and modern .']",ceiling,negative,0,ambience general,un-appetizing
"['The decor is night tho ... but they REALLY need to clean that vent in the ceiling ... its quite un-appetizing , and kills your effort to make this place look sleek and modern .']",vent,negative,0,ambience general,un-appetizing
"['The waiter was attentive , the food was delicious and the views of the city were great .']",waiter,positive,0,service general,attentive
"['The waiter was attentive , the food was delicious and the views of the city were great .']",food,positive,0,food quality,delicious
"['The waiter was attentive , the food was delicious and the views of the city were great .']",views of the city,positive,0,location general,great
"['Ambience is delightful , service impeccable .']",Ambience,positive,0,ambience general,delightful
"['Ambience is delightful , service impeccable .']",service,positive,0,service general,impeccable
['The only thing that strikes you is the decor ? ( not very pleasant ) .'],decor,negative,0,ambience general,not very pleasant
"['Delicate spices , onions , eggs and a kick-ass roti .']",spices,positive,0,food quality,Delicate
"['Delicate spices , onions , eggs and a kick-ass roti .']",onions,positive,0,food quality,Delicate
"['Delicate spices , onions , eggs and a kick-ass roti .']",eggs,positive,0,food quality,Delicate
"['Delicate spices , onions , eggs and a kick-ass roti .']",roti,positive,0,food quality,kick-ass
"['The food was delicious ( I had a halibut special , my husband had steak ) , and the service was top-notch .']",food,positive,0,food quality,delicious
"['The food was delicious ( I had a halibut special , my husband had steak ) , and the service was top-notch .']",halibut special,positive,0,food quality,delicious
"['The food was delicious ( I had a halibut special , my husband had steak ) , and the service was top-notch .']",steak,positive,0,food quality,delicious
"['The food was delicious ( I had a halibut special , my husband had steak ) , and the service was top-notch .']",service,positive,0,service general,top-notch
"[""The wait staff is very freindly , they make it feel like you 're eating in a freindly little european town .""]",wait staff,positive,0,service general,freindly
"[""I have been to Rao 's probably 15 times the past 3 years and it keeps getting better .""]",Rao 's,positive,0,restaurant general,better
"['Bukhara Grill , the tagline says it all . . `` INDIAN SPICE RAVE ``']",Bukhara Grill,positive,0,restaurant general,RAVE
"['The atmosphere was pretty nice but had a bit lacking , which it tries to make up for with a crazy scheme of mirrors .']",atmosphere,negative,0,ambience general,nice
"['The atmosphere was pretty nice but had a bit lacking , which it tries to make up for with a crazy scheme of mirrors .']",scheme of mirrors,negative,0,ambience general,crazy
"['It was served with skin , over a bed of extremely undercooked spinach and mashed potatoes .']",spinach,negative,0,food quality,undercooked
"['This place has totally weird decor , stairs going up with mirrored walls - I am surprised how no one yet broke their head or fall off the stairs - mirrored walls make you dizzy and delusional ...']",decor,negative,0,ambience general,weird
"['This place has totally weird decor , stairs going up with mirrored walls - I am surprised how no one yet broke their head or fall off the stairs - mirrored walls make you dizzy and delusional ...']",mirrored walls,negative,0,ambience general,dizzy
"['This place has totally weird decor , stairs going up with mirrored walls - I am surprised how no one yet broke their head or fall off the stairs - mirrored walls make you dizzy and delusional ...']",mirrored walls,negative,0,ambience general,delusional
"['The food is amazing , rich pastas and fresh doughy pizza .']",food,positive,0,food quality,amazing
"['The food is amazing , rich pastas and fresh doughy pizza .']",pastas,positive,0,food style_options,rich
"['The food is amazing , rich pastas and fresh doughy pizza .']",pizza,positive,0,food quality,fresh doughy
"['limited menu , no-so-fresh ingredients , thinly-sliced fish , fall-apart rice .']",menu,negative,0,food style_options,limited
"['limited menu , no-so-fresh ingredients , thinly-sliced fish , fall-apart rice .']",ingredients,negative,0,food quality,no-so-fresh
"['limited menu , no-so-fresh ingredients , thinly-sliced fish , fall-apart rice .']",fish,negative,0,food style_options,thinly-sliced
"['limited menu , no-so-fresh ingredients , thinly-sliced fish , fall-apart rice .']",rice,negative,0,food style_options,fall-apart
"['I like the somosas , chai , and the chole , but the dhosas and dhal were kinda dissapointing .']",somosas,positive,0,food quality,like
"['I like the somosas , chai , and the chole , but the dhosas and dhal were kinda dissapointing .']",chai,positive,0,food quality,like
"['I like the somosas , chai , and the chole , but the dhosas and dhal were kinda dissapointing .']",chole,positive,0,food quality,like
"['I like the somosas , chai , and the chole , but the dhosas and dhal were kinda dissapointing .']",dhosas,negative,0,food quality,dissapointing
"['I like the somosas , chai , and the chole , but the dhosas and dhal were kinda dissapointing .']",dhal,negative,0,food quality,dissapointing
['Food is great .'],Food,positive,0,food quality,great
"['The hot dogs are good , yes , but the reason to get over here is the fantastic pork croquette sandwich , perfect on its supermarket squishy bun .']",hot dogs,positive,0,food quality,good
"['The hot dogs are good , yes , but the reason to get over here is the fantastic pork croquette sandwich , perfect on its supermarket squishy bun .']",pork croquette sandwich,positive,0,food quality,fantastic
"['The hot dogs are good , yes , but the reason to get over here is the fantastic pork croquette sandwich , perfect on its supermarket squishy bun .']",bun,positive,0,food quality,perfect
['Great Indian Food !'],Indian Food,positive,0,food quality,Great
['Always good drinks and service is pretty good ;'],drinks,positive,0,drinks quality,good
['Always good drinks and service is pretty good ;'],service,positive,0,service general,good
"[""The food is amazing ... especially if you get the Chef 's tasting menu and your favourite bottle ( or two ! ) of wine from an extensive selection of wines .""]",food,positive,0,food quality,amazing
"[""The food is amazing ... especially if you get the Chef 's tasting menu and your favourite bottle ( or two ! ) of wine from an extensive selection of wines .""]",selection of wines,positive,0,drinks style_options,extensive
"[""The food is amazing ... especially if you get the Chef 's tasting menu and your favourite bottle ( or two ! ) of wine from an extensive selection of wines .""]",Chef 's tasting menu,positive,0,food quality,favourite
['Someone else recommended the dessert - we also left that .'],dessert,negative,0,food quality,recommended
['Indoor was very cozy and cute .'],Indoor,positive,0,ambience general,cozy
['Indoor was very cozy and cute .'],Indoor,positive,0,ambience general,cute
['Salads are a delicious way to begin the meal .'],Salads,positive,0,food quality,delicious
['This place has ruined me for neighborhood sushi .'],sushi,positive,0,food quality,ruined
"['The large selection of bruschettas , paninis , tramezzinis keep the palate from stagnating .']",bruschettas,positive,0,food style_options,large selection
"['The large selection of bruschettas , paninis , tramezzinis keep the palate from stagnating .']",paninis,positive,0,food style_options,large selection
"['The large selection of bruschettas , paninis , tramezzinis keep the palate from stagnating .']",tramezzinis,positive,0,food style_options,large selection
"['We ordered the special , grilled branzino , that was so infused with bone , it was difficult to eat .']",grilled branzino,negative,0,food quality,difficult to eat
['The veal and the mushrooms were cooked perfectly .'],veal,positive,0,food quality,perfectly
['The veal and the mushrooms were cooked perfectly .'],mushrooms,positive,0,food quality,perfectly
['My friend devoured her chicken and mashed potatos .'],chicken and mashed potatos,positive,0,food quality,devoured
['The food is all shared so we get to order together and eat together .'],food,positive,0,food style_options,shared
['And really large portions .'],portions,positive,0,food style_options,large
"['Wish NY had more of these kind of places : intimate , superb food , homey , top notch all the way around , certainly worth the wait .']",food,positive,0,food quality,superb
"['The whole set up is truly unprofessional and I wish Cafe Noir would get some good staff , because despite the current one this is a great place .']",staff,negative,0,service general,good
"['The whole set up is truly unprofessional and I wish Cafe Noir would get some good staff , because despite the current one this is a great place .']",Cafe Noir,positive,0,restaurant general,great
"['Seating is always prompt , though the restaurant does fill up in the evening .']",Seating,positive,0,service general,prompt
"['The DJ is awesome , I have been there for my birthday and a bunch of other times with friends and I keep going back .']",DJ,positive,0,ambience general,awesome
"['The anti-pasta was excellent , especially the calamari , as were the filling pasta mains .']",anti-pasta,positive,0,food quality,excellent
"['The anti-pasta was excellent , especially the calamari , as were the filling pasta mains .']",calamari,positive,0,food quality,excellent
"['The anti-pasta was excellent , especially the calamari , as were the filling pasta mains .']",pasta mains,positive,0,food quality,excellent
"['The anti-pasta was excellent , especially the calamari , as were the filling pasta mains .']",pasta mains,positive,0,food style_options,excellent
['love the food .'],food,positive,0,food quality,love
"['Not only is the cuisine the best around , the service has always been attentive and charming .']",cuisine,positive,0,food quality,best
"['Not only is the cuisine the best around , the service has always been attentive and charming .']",service,positive,0,service general,attentive
"['Not only is the cuisine the best around , the service has always been attentive and charming .']",service,positive,0,service general,charming
"['If you are the type of person who likes being scared and entertained , this is a great place to go and eat .']",place,positive,0,restaurant miscellaneous,great
['Ambiance relaxed and stylish .'],Ambiance,positive,0,ambience general,relaxed
['Ambiance relaxed and stylish .'],Ambiance,positive,0,ambience general,stylish
['I highly recommend visiting this restaurant and having dinner and drinks !'],restaurant,positive,0,restaurant general,recommend
['Just go to Yamato and order the Red Dragon Roll .'],Yamato,positive,0,restaurant general,Just go
"[""The pasta was well cooked , did n't have enough sauce though or flavor .""]",pasta,positive,0,food quality,well cooked
"[""The pasta was well cooked , did n't have enough sauce though or flavor .""]",pasta,negative,0,food quality,did n't have enough sauce
['The wine the service was very good too .'],wine,positive,0,drinks quality,good
['The wine the service was very good too .'],service,positive,0,service general,good
['Suan is a great place that I often take my friends ( classmates ) too .'],Suan,positive,0,restaurant general,great
['By far the best salad I have had in a fast food restaurant .'],salad,positive,0,food quality,best
"['Ambience is so cute and quaint , good for business although we were there on vacation .']",Ambience,positive,0,ambience general,cute
"['Ambience is so cute and quaint , good for business although we were there on vacation .']",Ambience,positive,0,ambience general,quaint
"['Ambience is so cute and quaint , good for business although we were there on vacation .']",Ambience,positive,0,ambience general,good
['Food is great and inexpensive .'],Food,positive,0,food quality,great
['Food is great and inexpensive .'],Food,positive,0,food prices,inexpensive
['Awsome Pizza especially the Margheritta slice .'],Pizza,positive,0,food quality,Awsome
['Awsome Pizza especially the Margheritta slice .'],Margheritta slice,positive,0,food quality,Awsome
"['( The asparagus , truffle oil , parmesan bruschetta is a winner ! )']","asparagus , truffle oil , parmesan bruschetta",positive,0,food quality,winner
"['Considering you will spend at least $ 60 a head , I expect better service .']",service,negative,0,service general,expect better
['If you want good authentic Thai this place is not the place to go .'],Thai,negative,0,food quality,good authentic
"['During the course of the past 3 months , the chef and staff changed and it was not for the better .']",chef,negative,0,food quality,changed
"['During the course of the past 3 months , the chef and staff changed and it was not for the better .']",staff,negative,0,service general,changed
"['Try the congee and the donut like deep fried dough they call Ow Ley Soh , a delicious and sweet tasting bread .']",congee,positive,0,food quality,Try
"['Try the congee and the donut like deep fried dough they call Ow Ley Soh , a delicious and sweet tasting bread .']",Ow Ley Soh,positive,0,food quality,delicious
"['Try the congee and the donut like deep fried dough they call Ow Ley Soh , a delicious and sweet tasting bread .']",Ow Ley Soh,positive,0,food quality,sweet
['We could have made a meal of the yummy dumplings from the dumpling menu .'],dumplings,positive,0,food quality,yummy
['The setting is casual and romantic .'],setting,positive,0,ambience general,casual
['The setting is casual and romantic .'],setting,positive,0,ambience general,romantic
['The sushi seemed pretty fresh and was adequately proportioned .'],sushi,positive,0,food quality,fresh
['The sushi seemed pretty fresh and was adequately proportioned .'],sushi,positive,0,food style_options,proportioned
['Great neighborhood joint .'],joint,positive,0,restaurant general,Great
"[""Food was amazing - I love Indian food and eat it quite regularly , but I can say this is one of the best I 've had .""]",Food,positive,0,food quality,amazing
"[""Though it 's been crowded most times I 've gone here , Bark always delivers on their food .""]",food,positive,0,food quality,delivers on their food
"[""Though it 's been crowded most times I 've gone here , Bark always delivers on their food .""]",Bark,neutral,0,restaurant miscellaneous,crowded
"[""It was n't as if this restaurant had any major bragging points before hand , but now it 's simply repulsive .""]",restaurant,negative,0,restaurant general,repulsive
"['Look , the appetizers were really good .']",appetizers,positive,0,food quality,good
['Spreads and toppings are great - though a bit pricey .'],Spreads,positive,0,food quality,great
['Spreads and toppings are great - though a bit pricey .'],toppings,positive,0,food quality,great
['Spreads and toppings are great - though a bit pricey .'],Spreads,negative,0,food prices,pricey
['Spreads and toppings are great - though a bit pricey .'],toppings,negative,0,food prices,pricey
"[""I 'm still mad that i had to pay for lousy food .""]",food,negative,0,food quality,lousy
['Right off the L in Brooklyn this is a nice cozy place with good pizza .'],pizza,positive,0,food quality,good
['Right off the L in Brooklyn this is a nice cozy place with good pizza .'],place,positive,0,ambience general,nice cozy
['A beautifully designed dreamy Egyptian restaurant that gets sceney at night .'],Egyptian restaurant,positive,0,ambience general,dreamy
['Cheese plate is a varied delight and great bargain at $ 10 .'],Cheese plate,positive,0,food quality,varied delight
['Cheese plate is a varied delight and great bargain at $ 10 .'],Cheese plate,positive,0,food style_options,varied delight
['Cheese plate is a varied delight and great bargain at $ 10 .'],Cheese plate,positive,0,food prices,great bargain
"['I was there for brunch recently , and we were tag teamed by a waitress and a waiter .']",waitress,negative,0,service general,tag teamed
"['I was there for brunch recently , and we were tag teamed by a waitress and a waiter .']",waiter,negative,0,service general,tag teamed
"[""As BFC does n't take reservations you almost always have to wait by the bar - and be abused by the front of house staff until you are seated , which can be over an hour later !""]",BFC,negative,0,restaurant miscellaneous,wait
"[""As BFC does n't take reservations you almost always have to wait by the bar - and be abused by the front of house staff until you are seated , which can be over an hour later !""]",front of house staff,negative,0,service general,abused
"['Great spot , whether looking for a couple of drinks or quiet dinner .']",spot,positive,0,restaurant general,Great
"['Great spot , whether looking for a couple of drinks or quiet dinner .']",spot,positive,0,restaurant miscellaneous,Great
"['The drinks are great , especially when made by Raymond .']",drinks,positive,0,drinks quality,great
"['The drinks are great , especially when made by Raymond .']",Raymond,positive,0,service general,great
"[""The dishes offered were unique , very tasty and fresh from the lamb sausages , sardines with biscuits , large whole shrimp to the amazing pistachio ice cream ( the best and freshest I 've ever had ) .""]",dishes,positive,0,food quality,unique
"[""The dishes offered were unique , very tasty and fresh from the lamb sausages , sardines with biscuits , large whole shrimp to the amazing pistachio ice cream ( the best and freshest I 've ever had ) .""]",dishes,positive,0,food quality,tasty
"[""The dishes offered were unique , very tasty and fresh from the lamb sausages , sardines with biscuits , large whole shrimp to the amazing pistachio ice cream ( the best and freshest I 've ever had ) .""]",dishes,positive,0,food quality,fresh
"[""The dishes offered were unique , very tasty and fresh from the lamb sausages , sardines with biscuits , large whole shrimp to the amazing pistachio ice cream ( the best and freshest I 've ever had ) .""]",pistachio ice cream,positive,0,food quality,amazing
['The food is great and they have a good selection of wines at reasonable prices .'],food,positive,0,food quality,great
['The food is great and they have a good selection of wines at reasonable prices .'],wines,positive,0,drinks style_options,good selection
['The food is great and they have a good selection of wines at reasonable prices .'],wines,positive,0,drinks prices,good selection
['Thank You Emilio .'],Emilio,positive,0,restaurant general,Thank You
['The waitress was very patient with us and the food is phenomenal !'],waitress,positive,0,service general,patient
['The waitress was very patient with us and the food is phenomenal !'],food,positive,0,food quality,phenomenal
['Great pizza for lunch place .'],pizza,positive,0,food quality,Great
['food was luke warm .'],food,negative,0,food quality,luke warm
"['The food they serve is not comforting , not appetizing and uncooked .']",food,negative,0,food quality,not comforting
"['The food they serve is not comforting , not appetizing and uncooked .']",food,negative,0,food quality,not appetizing
['The entertainment was great they have shows that go on through out the dinner .'],entertainment,positive,0,ambience general,great
['Check out the secret back room .'],back room,positive,0,ambience general,secret
['The lox is always fresh too .'],lox,positive,0,food quality,fresh
"['This is a great place to take out-of-towners , and perfect for watching the sunset .']",place,positive,0,location general,great
['I expected quite a bit more from such an expensive menu .'],menu,negative,0,food prices,expensive
['I expected quite a bit more from such an expensive menu .'],menu,negative,0,food quality,expensive
"['the salads are delicious , both refreshing and very spicy .']",salads,positive,0,food quality,delicious
"['the salads are delicious , both refreshing and very spicy .']",salads,positive,0,food quality,refreshing
"['the salads are delicious , both refreshing and very spicy .']",salads,positive,0,food quality,spicy
['The place was quiet and delightful .'],place,positive,0,ambience general,quiet
['The place was quiet and delightful .'],place,positive,0,ambience general,delightful
"['Still , any quibbles about the bill were off-set by the pour-your-own measures of liquers which were courtesey of the house ...']",measures of liquers,positive,0,drinks style_options,pour-your-own
"['Still , any quibbles about the bill were off-set by the pour-your-own measures of liquers which were courtesey of the house ...']",measures of liquers,positive,0,drinks style_options,courtesey
"['Indo Chinese food , pretty good ...']",Indo Chinese food,positive,0,food quality,good
['even the wine by the glass was good .'],wine by the glass,positive,0,drinks quality,good
"['The place has a nice fit-out , some attractive furnishings and , from what I could tell , a reasonable wine list ( I was given the food menu when I asked for the carte des vins )']",fit-out,positive,0,ambience general,nice
"['The place has a nice fit-out , some attractive furnishings and , from what I could tell , a reasonable wine list ( I was given the food menu when I asked for the carte des vins )']",furnishings,positive,0,ambience general,attractive
"['The place has a nice fit-out , some attractive furnishings and , from what I could tell , a reasonable wine list ( I was given the food menu when I asked for the carte des vins )']",wine list,positive,0,drinks style_options,reasonable
['This place has got to be the best japanese restaurant in the new york area .'],place,positive,0,restaurant general,best
"[""Rao is a good restaurant , but it 's nothing special .""]",Rao,neutral,0,restaurant general,good
['The only fallback on this restaurant is the prices .'],restaurant,negative,0,restaurant prices,fallback
['The portions are small but being that the food was so good makes up for that .'],portions,negative,0,food style_options,small
['The portions are small but being that the food was so good makes up for that .'],food,positive,0,food quality,good
['The only thing that my friend left out is that when we sat down at the bar the bartender disappeared .'],bartender,negative,0,service general,disappeared
['The food is so cheap and the waiters are nice .'],food,positive,0,food prices,cheap
['The food is so cheap and the waiters are nice .'],waiters,positive,0,service general,nice
"['With the exception of our lemon salad that had so much pepper on it that our eyes started watering , the food here was decent , not great .']",food,neutral,0,food quality,decent
"['With the exception of our lemon salad that had so much pepper on it that our eyes started watering , the food here was decent , not great .']",food,negative,0,food quality,not great
"['With the exception of our lemon salad that had so much pepper on it that our eyes started watering , the food here was decent , not great .']",lemon salad,negative,0,food quality,exception
['The service was extremely fast and attentive ( thanks to the service button on your table ) but I barely understood 1 word when the waiter took our order .'],service,positive,0,service general,fast
['The service was extremely fast and attentive ( thanks to the service button on your table ) but I barely understood 1 word when the waiter took our order .'],service,positive,0,service general,attentive
['The service was extremely fast and attentive ( thanks to the service button on your table ) but I barely understood 1 word when the waiter took our order .'],service button,positive,0,service general,thanks to
['The service was extremely fast and attentive ( thanks to the service button on your table ) but I barely understood 1 word when the waiter took our order .'],waiter,negative,0,service general,barely understood
['My quesadilla tasted like it had been made by a three-year old with no sense of proportion or flavor .'],quesadilla,negative,0,food quality,no sense of proportion or flavor
['My quesadilla tasted like it had been made by a three-year old with no sense of proportion or flavor .'],quesadilla,negative,0,food style_options,no sense of proportion
"[""The boths are not as small as some of the reviews make them out to look they 're perfect for 2 people .""]",boths,positive,0,ambience general,not as small
"[""One would think we 'd get an apology or complimentary drinks - instead , we got a snobby waiter would n't even take our order for 15 minutes and gave us lip when we asked him to do so .""]",waiter,negative,0,service general,snobby
"[""I 've never had bad service and the fish is fresh and delicious .""]",service,positive,0,service general,never had bad
"[""I 've never had bad service and the fish is fresh and delicious .""]",fish,positive,0,food quality,fresh
"[""I 've never had bad service and the fish is fresh and delicious .""]",fish,positive,0,food quality,delicious
"[""There 's another girl who I ca n't describe , she is about 5 ' 6 `` with brown hair , who eavesdrops on your conversation and chimes in - except she only hears the last part of what you said , so her uninvited opinions are often out of context and nothing to do with what you 're *really * talking about .""]",girl,negative,0,service general,uninvited
"[""Fabulous decor - makes you feel like you 're in a trendy Manhattan restaurant , very very good food , cheaply-priced , generally friendly staff , and if you 're a Manhattanite , or spend most of your time in Manhattan , Rice Avenue will make you feel at home ... ..very Soho /Village /Upper West Side minus the expensive prices and pretentious clientele ... ..all on Roosevelt Avenue !""]",decor,positive,0,ambience general,Fabulous
"[""Fabulous decor - makes you feel like you 're in a trendy Manhattan restaurant , very very good food , cheaply-priced , generally friendly staff , and if you 're a Manhattanite , or spend most of your time in Manhattan , Rice Avenue will make you feel at home ... ..very Soho /Village /Upper West Side minus the expensive prices and pretentious clientele ... ..all on Roosevelt Avenue !""]",food,positive,0,food quality,good
"[""Fabulous decor - makes you feel like you 're in a trendy Manhattan restaurant , very very good food , cheaply-priced , generally friendly staff , and if you 're a Manhattanite , or spend most of your time in Manhattan , Rice Avenue will make you feel at home ... ..very Soho /Village /Upper West Side minus the expensive prices and pretentious clientele ... ..all on Roosevelt Avenue !""]",food,positive,0,food prices,cheaply-priced
"[""Fabulous decor - makes you feel like you 're in a trendy Manhattan restaurant , very very good food , cheaply-priced , generally friendly staff , and if you 're a Manhattanite , or spend most of your time in Manhattan , Rice Avenue will make you feel at home ... ..very Soho /Village /Upper West Side minus the expensive prices and pretentious clientele ... ..all on Roosevelt Avenue !""]",staff,positive,0,service general,friendly
"[""Fabulous decor - makes you feel like you 're in a trendy Manhattan restaurant , very very good food , cheaply-priced , generally friendly staff , and if you 're a Manhattanite , or spend most of your time in Manhattan , Rice Avenue will make you feel at home ... ..very Soho /Village /Upper West Side minus the expensive prices and pretentious clientele ... ..all on Roosevelt Avenue !""]",Rice Avenue,positive,0,ambience general,feel at home
"[""Fabulous decor - makes you feel like you 're in a trendy Manhattan restaurant , very very good food , cheaply-priced , generally friendly staff , and if you 're a Manhattanite , or spend most of your time in Manhattan , Rice Avenue will make you feel at home ... ..very Soho /Village /Upper West Side minus the expensive prices and pretentious clientele ... ..all on Roosevelt Avenue !""]",Rice Avenue,positive,0,location general,very Soho /Village /Upper West Side
"[""Fabulous decor - makes you feel like you 're in a trendy Manhattan restaurant , very very good food , cheaply-priced , generally friendly staff , and if you 're a Manhattanite , or spend most of your time in Manhattan , Rice Avenue will make you feel at home ... ..very Soho /Village /Upper West Side minus the expensive prices and pretentious clientele ... ..all on Roosevelt Avenue !""]",Rice Avenue,positive,0,restaurant prices,minus the expensive prices
"['Great food , great decor , great service .']",food,positive,0,food quality,Great
"['Great food , great decor , great service .']",decor,positive,0,ambience general,great
"['Great food , great decor , great service .']",service,positive,0,service general,great
['THIS STAFF SHOULD BE FIRED .'],STAFF,negative,0,service general,FIRED
['When I lived upstate for a while I would buy freeze the bagels and they would still be better than any else .'],bagels,positive,0,food quality,better
"['Excellent dumplings served amid clean , chic decor .']",dumplings,positive,0,food quality,Excellent
"['Excellent dumplings served amid clean , chic decor .']",decor,positive,0,ambience general,clean
"['Excellent dumplings served amid clean , chic decor .']",decor,positive,0,ambience general,chic
"[""Their bagels are fine , but they are a little overcooked , and not really a 'special ' bagel experience .""]",bagels,negative,0,food quality,fine
"[""Their bagels are fine , but they are a little overcooked , and not really a 'special ' bagel experience .""]",bagels,negative,0,food quality,overcooked
['Ravioli was good ... but I have to say that I found everything a bit overpriced .'],Ravioli,positive,0,food quality,good
['I think the pizza is so overrated and was under cooked .'],pizza,negative,0,food quality,overrated
"['Went on a 3 day oyster binge , with Fish bringing up the closing , and I am so glad this was the place it O trip ended , because it was so great !']",oyster binge,positive,0,restaurant general,great
"[""The place is a bit hidden away , but once you get there , it 's all worth it .""]",place,neutral,0,location general,hidden away
"[""The place is a bit hidden away , but once you get there , it 's all worth it .""]",place,positive,0,restaurant general,worth
"['This is the perfect spot for meeting friends , having lunch , dinner , pre-theatre or after-theatre drinks !']",spot,positive,0,restaurant miscellaneous,perfect
"['I came across Village Underground by accident , now I go there all the time .']",Village Underground,positive,0,restaurant general,go there all the time
"['Rude service , medicore food ... there are tons of restaurants in NY ... stay away from this one']",service,negative,0,service general,Rude
"['Rude service , medicore food ... there are tons of restaurants in NY ... stay away from this one']",food,neutral,0,food quality,medicore
"['I took one bite from the $ 24 salmon , and I have never , in the 17 years I have been going to restaurants tasted salmon as fishy , as dry , and as bland as the one in Flatbush Farms .']",salmon,negative,0,food quality,fishy
"['I took one bite from the $ 24 salmon , and I have never , in the 17 years I have been going to restaurants tasted salmon as fishy , as dry , and as bland as the one in Flatbush Farms .']",salmon,negative,0,food quality,dry
"['I took one bite from the $ 24 salmon , and I have never , in the 17 years I have been going to restaurants tasted salmon as fishy , as dry , and as bland as the one in Flatbush Farms .']",salmon,negative,0,food quality,bland
"['I took one bite from the $ 24 salmon , and I have never , in the 17 years I have been going to restaurants tasted salmon as fishy , as dry , and as bland as the one in Flatbush Farms .']",salmon,negative,0,food prices,$ 24
['Not impressed with the food .'],food,negative,0,food quality,Not impressed
"['The pasta penne was pretty extra buttery , creamy which means a big task to diggest . . tasty at first but i would say that i was full with a slice of pizza and 7 to count , penne ... got a little moody afterwards cause was stuffed ... lol']",pasta penne,negative,0,food quality,extra buttery
"['The pasta penne was pretty extra buttery , creamy which means a big task to diggest . . tasty at first but i would say that i was full with a slice of pizza and 7 to count , penne ... got a little moody afterwards cause was stuffed ... lol']",pasta penne,negative,0,food style_options,moody
['great food'],food,positive,0,food quality,great
['Saul is the best restaurant on Smith Street and in Brooklyn .'],Saul,positive,0,restaurant general,best
['First went here to enjoy their garden terrace .'],garden terrace,positive,0,ambience general,enjoy
['I / we will never go back to this place again .'],place,negative,0,restaurant general,never go back
['sometimes i get good food and ok service .'],food,positive,0,food quality,good
['sometimes i get good food and ok service .'],service,neutral,0,service general,ok
"['Everything was wonderful ; food , drinks , staff , mileau .']",food,positive,0,food quality,wonderful
"['Everything was wonderful ; food , drinks , staff , mileau .']",drinks,positive,0,drinks quality,wonderful
"['Everything was wonderful ; food , drinks , staff , mileau .']",staff,positive,0,service general,wonderful
"['Everything was wonderful ; food , drinks , staff , mileau .']",mileau,positive,0,ambience general,wonderful
"['Everything is always cooked to perfection , the service is excellent , the decor cool and understated .']",service,positive,0,service general,excellent
"['Everything is always cooked to perfection , the service is excellent , the decor cool and understated .']",decor,positive,0,ambience general,cool
"['Everything is always cooked to perfection , the service is excellent , the decor cool and understated .']",decor,positive,0,ambience general,understated
['delicious simple food in nice outdoor atmosphere .'],food,positive,0,food quality,delicious simple
['delicious simple food in nice outdoor atmosphere .'],food,positive,0,food style_options,delicious simple
['delicious simple food in nice outdoor atmosphere .'],outdoor atmosphere,positive,0,ambience general,nice
['We thought that this place is using too much of MSG cooking in the foods .'],foods,negative,0,food quality,using too much of MSG
"['As a retired hipster , I can say with some degree of certainty that for the last year Lucky Strike has been the best laid-back late night in the city .']",Lucky Strike,positive,0,restaurant general,best
"[""The service varys from day to day- sometimes they 're very nice , and sometimes not .""]",service,negative,0,service general,varys
['This place has the the correct ambience and an excellent staff to make you feel like a guest and a friend at the same time .'],ambience,positive,0,ambience general,correct
['This place has the the correct ambience and an excellent staff to make you feel like a guest and a friend at the same time .'],staff,positive,0,service general,excellent
['The food was bland oily .'],food,negative,0,food quality,bland oily
['Simply some good tasting Chinese food at incredible prices ...'],Chinese food,positive,0,food quality,good tasting
['Simply some good tasting Chinese food at incredible prices ...'],Chinese food,positive,0,food prices,good tasting
"['My mom originally introduced me to this place , but even she ( being Indian ) feels the food can be somewhat over the top spicy and far too oily .']",food,negative,0,food quality,spicy
"['Great service , great food .']",service,positive,0,service general,Great
"['Great service , great food .']",food,positive,0,food quality,great
['Warm and friendly in the winter and terrific outdoor seating in the warmer months .'],outdoor seating,positive,0,ambience general,terrific
['Service friendly and attentive .'],Service,positive,0,service general,friendly
['Service friendly and attentive .'],Service,positive,0,service general,attentive
"[""To be completely fair , the only redeeming factor was the food , which was above average , but could n't make up for all the other deficiencies of Teodora .""]",food,positive,0,food quality,above average
"[""To be completely fair , the only redeeming factor was the food , which was above average , but could n't make up for all the other deficiencies of Teodora .""]",Teodora,negative,0,restaurant general,deficiencies
"['The food arrived 20 minutes after I called , cold and soggy .']",food,negative,0,food quality,cold
"['The food arrived 20 minutes after I called , cold and soggy .']",food,negative,0,food quality,soggy
['The staff was the friendliest that have seen in New York .'],staff,positive,0,service general,friendliest
['The fish was not fresh and the rice tasted old and stale .'],fish,negative,0,food quality,not fresh
['The fish was not fresh and the rice tasted old and stale .'],rice,negative,0,food quality,old
['The fish was not fresh and the rice tasted old and stale .'],rice,negative,0,food quality,stale
['Great Hot Dogs !'],Hot Dogs,positive,0,food quality,Great
"['Food was okay , nothing great .']",Food,neutral,0,food quality,okay
"['Food was okay , nothing great .']",Food,neutral,0,food quality,nothing great
"['Even though the place is not beautiful , the food speaks for itself .']",place,negative,0,ambience general,not beautiful
"['Even though the place is not beautiful , the food speaks for itself .']",food,positive,0,food quality,speaks for itself
['My wife and I ate here earlier this week and have not stopped ranting and raving about the food .'],food,positive,0,food quality,raving
['The wine list is also really nice .'],wine list,positive,0,drinks style_options,nice
['This is a wonderful place on all stand points especially value ofr money .'],place,positive,0,restaurant prices,wonderful
['This is a wonderful place on all stand points especially value ofr money .'],place,positive,0,restaurant general,wonderful
"['Great wine selection , Gigondas is worth the price , and the house champagne is a great value .']",wine selection,positive,0,drinks style_options,Great
"['Great wine selection , Gigondas is worth the price , and the house champagne is a great value .']",Gigondas,positive,0,drinks quality,worth the price
"['Great wine selection , Gigondas is worth the price , and the house champagne is a great value .']",house champagne,positive,0,drinks prices,great value
['The service was spectacular as the waiter knew everything about the menu and his recommendations were amazing !'],service,positive,0,service general,spectacular
['The service was spectacular as the waiter knew everything about the menu and his recommendations were amazing !'],waiter,positive,0,service general,amazing
['I have been coming here for years and have nothing but good things to say about the service and the great staff at La Lanterna .'],service,positive,0,service general,good
['I have been coming here for years and have nothing but good things to say about the service and the great staff at La Lanterna .'],staff,positive,0,service general,great
['Excellent food for great prices'],food,positive,0,food quality,Excellent
['Excellent food for great prices'],food,positive,0,food prices,Excellent
['The food tasted very good .'],food,positive,0,food quality,good
['The wait staff is very courteous and accomodating .'],wait staff,positive,0,service general,courteous
['This place is so much fun .'],place,positive,0,ambience general,fun
"[""With so many good restaurants on the UWS , I do n't need overpriced food , absurdly arrogant wait-staff who do n't recognize they work at a glorified diner , clumsy service , and management that does n't care .""]",food,negative,0,food prices,overpriced
"[""With so many good restaurants on the UWS , I do n't need overpriced food , absurdly arrogant wait-staff who do n't recognize they work at a glorified diner , clumsy service , and management that does n't care .""]",wait-staff,negative,0,service general,arrogant
"[""With so many good restaurants on the UWS , I do n't need overpriced food , absurdly arrogant wait-staff who do n't recognize they work at a glorified diner , clumsy service , and management that does n't care .""]",service,negative,0,service general,clumsy
"[""With so many good restaurants on the UWS , I do n't need overpriced food , absurdly arrogant wait-staff who do n't recognize they work at a glorified diner , clumsy service , and management that does n't care .""]",management,negative,0,service general,does n't care
"['So , I switch with my boyfriend again to see if maybe I could stomach the meat and spinach again , but the spinach was so undercooked that I just could not bite through it .']",spinach,negative,0,food quality,undercooked
['Not the typical NYC gimmick theme restaurant .'],restaurant,positive,0,ambience general,Not the typical
['the hot dogs were juicy and tender inside and had plenty of crunch and snap on the outside .'],hot dogs,positive,0,food quality,juicy
['After really enjoying ourselves at the bar we sat down at a table and had dinner .'],bar,positive,0,restaurant miscellaneous,enjoying
"[""Also , the sandwiches ( nearing $ 7 ) did n't come with anything like chips or a side .""]",sandwiches,negative,0,food style_options,did n't come with
"[""Also , the sandwiches ( nearing $ 7 ) did n't come with anything like chips or a side .""]",sandwiches,negative,0,food prices,nearing $ 7 
"['Reliable , Fresh Sushi']",Sushi,positive,0,food quality,Reliable
['Everyone raved about the atmosphere ( elegant rooms and absolutely incomparable views ) and the fabulous food !'],atmosphere,positive,0,ambience general,raved
['Everyone raved about the atmosphere ( elegant rooms and absolutely incomparable views ) and the fabulous food !'],rooms,positive,0,ambience general,elegant
['Everyone raved about the atmosphere ( elegant rooms and absolutely incomparable views ) and the fabulous food !'],views,positive,0,location general,incomparable
['Everyone raved about the atmosphere ( elegant rooms and absolutely incomparable views ) and the fabulous food !'],food,positive,0,food quality,fabulous
"[""A restaurant that does n't try to do anything except serve great food with great service in a pleasant atmosphere .""]",food,positive,0,food quality,great
"[""A restaurant that does n't try to do anything except serve great food with great service in a pleasant atmosphere .""]",service,positive,0,service general,great
"[""A restaurant that does n't try to do anything except serve great food with great service in a pleasant atmosphere .""]",atmosphere,positive,0,ambience general,pleasant
['I recently went to this restaurant with some co-workers for lunch and had an amazing time .'],restaurant,positive,0,restaurant general,amazing time
['Atmosphere is nice and relaxed too ...'],Atmosphere,positive,0,ambience general,nice
['Atmosphere is nice and relaxed too ...'],Atmosphere,positive,0,ambience general,relaxed
['Best Reuben sandwich ever !'],Reuben sandwich,positive,0,food quality,Best
['The service was friendly and the atmosphere was casual .'],service,positive,0,service general,friendly
['The service was friendly and the atmosphere was casual .'],atmosphere,neutral,0,ambience general,casual
"[""Paul , the maitre d ' , was totally professional and always on top of things .""]",Paul,positive,0,service general,professional
"[""Overall the food quality was pretty good , though I hear the salmon is much better when it has n't sat cooling in front of the guest .""]",food,positive,0,food quality,good
['Tasty Dog !'],Dog,positive,0,food quality,Tasty
['Problem is nothing at Prune is particularly memorable .'],Prune,negative,0,restaurant general,memorable
['the turkey burgers are scary !'],turkey burgers,negative,0,food quality,scary
"['The porcini mushroom pasta special was tasteless , so was the seafood tagliatelle .']",porcini mushroom pasta special,negative,0,food quality,tasteless
"['The porcini mushroom pasta special was tasteless , so was the seafood tagliatelle .']",seafood tagliatelle,negative,0,food quality,tasteless
['We took advanatage of the half price sushi deal on saturday so it was well worth it .'],half price sushi deal,positive,0,food quality,worth
['The restaurant looks out over beautiful green lawns to the Hudson River and the Statue of Liberty .'],restaurant,positive,0,location general,beautiful
"[""Even if the food was n't this good , the garden is a great place to sit outside and relax .""]",garden,positive,0,ambience general,great
"[""Even if the food was n't this good , the garden is a great place to sit outside and relax .""]",food,positive,0,food quality,was n't this good
['The hostess was rude and I got a distinct feeling that they did not want to serve us .'],hostess,negative,0,service general,rude
"[""My daughter 's wedding reception at Water 's Edge received the highest compliments from our guests .""]",Water 's Edge,positive,0,restaurant miscellaneous,highest compliments
['Add to that great service and great food at a reasonable price and you have yourself the beginning of a great evening .'],service,positive,0,service general,great
['Add to that great service and great food at a reasonable price and you have yourself the beginning of a great evening .'],food,positive,0,food quality,great
['Add to that great service and great food at a reasonable price and you have yourself the beginning of a great evening .'],food,positive,0,food prices,great
['Delicious crab cakes too .'],crab cakes,positive,0,food quality,Delicious
"['The food is good , especially their more basic dishes , and the drinks are delicious .']",food,positive,0,food quality,good
"['The food is good , especially their more basic dishes , and the drinks are delicious .']",basic dishes,positive,0,food quality,good
"['The food is good , especially their more basic dishes , and the drinks are delicious .']",drinks,positive,0,drinks quality,delicious
['Service was also horrible and the ambience is not that great .'],Service,negative,0,service general,horrible
['Service was also horrible and the ambience is not that great .'],ambience,negative,0,ambience general,not that great
"[""But if you 're prepared to spend some $ and remember to ask if something they offer is complimentary , then this is the place to go for Indian food""]",Indian food,positive,0,food quality,the place to go
"[""But if you 're prepared to spend some $ and remember to ask if something they offer is complimentary , then this is the place to go for Indian food""]",place,positive,0,restaurant prices,complimentary
['The only problem is that the manager is a complete incompetent .'],manager,negative,0,service general,incompetent
"['Went here last night - nice decor , good service , but the food was surprisingly excellent .']",decor,positive,0,ambience general,nice
"['Went here last night - nice decor , good service , but the food was surprisingly excellent .']",service,positive,0,service general,good
"['Went here last night - nice decor , good service , but the food was surprisingly excellent .']",food,positive,0,food quality,excellent
"[""While finishing our meals which included a high-end bottle of wine , our son 's fiance joined us for a glass of wine and dessert .""]",bottle of wine,positive,0,drinks quality,high-end
"[""I tried a couple other dishes but was n't too impressed .""]",dishes,neutral,0,food quality,was n't too impressed
['Great place to relax and enjoy your dinner'],place,positive,0,ambience general,Great
['Good creative rolls !'],rolls,positive,0,food quality,Good creative
['Good creative rolls !'],rolls,positive,0,food style_options,Good creative
"[""Delivery guy sometimes get upset if you do n't tip more than 10 % .""]",Delivery guy,negative,0,service general,upset
"['A different server enhanced the fun , dumping our entrees in front of us halfway through our appetizer ( which was delicious ) .']",server,negative,0,service general,enhanced
"['A different server enhanced the fun , dumping our entrees in front of us halfway through our appetizer ( which was delicious ) .']",appetizer,positive,0,food quality,delicious
"['Most of the servers are very attentive , friendly and quite attractive .']",servers,positive,0,service general,attentive
"['Most of the servers are very attentive , friendly and quite attractive .']",servers,positive,0,service general,friendly
"['Most of the servers are very attentive , friendly and quite attractive .']",servers,positive,0,service general,attractive
"[""it 's the only place you can get yummy authentic japanese comfort food .""]",japanese comfort food,positive,0,food quality,yummy authentic
['Love YUKA .'],YUKA,positive,0,restaurant general,Love
['Over all the looks of the place exceeds the actual meals .'],looks,positive,0,ambience general,exceeds
"[""You ca n't go wrong with this place .""]",place,positive,0,restaurant general,ca n't go wrong
"[""i 've been to sapphire twice and both times the food was fine , if not good .""]",food,positive,0,food quality,fine
"['They are extremely rude , not even apologizing for the horrible service we got and handing us a bill well over $ 500 for some drinks adn their pita bread !']",service,negative,0,service general,horrible
"['They are extremely rude , not even apologizing for the horrible service we got and handing us a bill well over $ 500 for some drinks adn their pita bread !']",drinks,negative,0,drinks prices,over $ 500
"['They are extremely rude , not even apologizing for the horrible service we got and handing us a bill well over $ 500 for some drinks adn their pita bread !']",pita bread,negative,0,food prices,over $ 500
['I loved everythig about it-especially the shows and actors .'],shows,positive,0,ambience general,loved
['I loved everythig about it-especially the shows and actors .'],actors,positive,0,ambience general,loved
['I highly recommend to anyone to give this place a try .'],place,positive,0,restaurant general,recommend
['This is a fun restaurant to go to .'],restaurant,positive,0,restaurant general,fun
['The service was excellent - friendly and attentive .'],service,positive,0,service general,excellent
['The service was excellent - friendly and attentive .'],service,positive,0,service general,friendly
['The service was excellent - friendly and attentive .'],service,positive,0,service general,attentive
"['We have been to this place many times , and always have great food , wine , and service .']",food,positive,0,food quality,great
"['We have been to this place many times , and always have great food , wine , and service .']",wine,positive,0,drinks quality,great
"['We have been to this place many times , and always have great food , wine , and service .']",service,positive,0,service general,great
['Not one of our meals was edible - bland and/or made with weird rosemary or orange flavoring .'],meals,negative,0,food quality,edible
['Not one of our meals was edible - bland and/or made with weird rosemary or orange flavoring .'],rosemary or orange flavoring,negative,0,food quality,weird
['This place is not inviting and the food is totally weird .'],place,negative,0,ambience general,not inviting
['This place is not inviting and the food is totally weird .'],food,negative,0,food quality,weird
['Their tuna tartar appetizer is to die for .'],tuna tartar appetizer,positive,0,food quality,die for
['Not enough wines by the glass either .'],wines by the glass,negative,0,drinks style_options,Not enough
['The seats are uncomfortable if you are sitting against the wall on wooden benches .'],seats,negative,0,ambience general,uncomfortable
"['The ambience is pretty and nice for conversation , so a casual lunch here would probably be best .']",ambience,positive,0,ambience general,pretty
"['The ambience is pretty and nice for conversation , so a casual lunch here would probably be best .']",ambience,positive,0,ambience general,nice
"['For desserts , we tried the frozen black sesame mousse ( interesting but not extraordinary ) and matcha ( powdered green tea ) and blueberry cheesecake , which was phenomenal .']",frozen black sesame mousse,neutral,0,food quality,interesting
"['For desserts , we tried the frozen black sesame mousse ( interesting but not extraordinary ) and matcha ( powdered green tea ) and blueberry cheesecake , which was phenomenal .']",frozen black sesame mousse,neutral,0,food quality,not extraordinary
"['For desserts , we tried the frozen black sesame mousse ( interesting but not extraordinary ) and matcha ( powdered green tea ) and blueberry cheesecake , which was phenomenal .']",matcha ( powdered green tea ) and blueberry cheesecake,positive,0,food quality,phenomenal
"[""Drawbacks : service is slow and they do n't toast !""]",service,negative,0,service general,slow
['I asked for an open faced cheese sandwich and the manager basically told me to take my business elsewhere !'],manager,negative,0,service general,take my business elsewhere
"[""THE SERVICE IS AMAZING , i 've had different waiters and they were all nice , which is a rare thing in NYC .""]",SERVICE,positive,0,service general,AMAZING
"[""THE SERVICE IS AMAZING , i 've had different waiters and they were all nice , which is a rare thing in NYC .""]",waiters,positive,0,service general,nice
['The food was well prepared and the service impecable .'],food,positive,0,food quality,well prepared
['The food was well prepared and the service impecable .'],service,positive,0,service general,impecable
"['The food is outstanding and the service is quick , friendly and very professional .']",food,positive,0,food quality,outstanding
"['The food is outstanding and the service is quick , friendly and very professional .']",service,positive,0,service general,quick
"['The food is outstanding and the service is quick , friendly and very professional .']",service,positive,0,service general,friendly
"['The food is outstanding and the service is quick , friendly and very professional .']",service,positive,0,service general,professional
['Best Indian Restaurant in the City'],Indian Restaurant,positive,0,restaurant general,Best
"['From the spectacular caviar to the hospitable waitstaff , I felt like royalty and enjoyed every second of it .']",caviar,positive,0,food quality,spectacular
"['From the spectacular caviar to the hospitable waitstaff , I felt like royalty and enjoyed every second of it .']",caviar,positive,0,food quality,enjoyed
"['From the spectacular caviar to the hospitable waitstaff , I felt like royalty and enjoyed every second of it .']",waitstaff,positive,0,service general,hospitable
"['From the spectacular caviar to the hospitable waitstaff , I felt like royalty and enjoyed every second of it .']",waitstaff,positive,0,service general,enjoyed
['I agree that dining at Casa La Femme is like no other dining experience !'],Casa La Femme,negative,0,restaurant general,like no other dining experience
"['Best Indian Chinese in the city , by far !']",Indian Chinese,positive,0,food quality,Best
"['There was a small wait , but shorter than I expected .']",wait,positive,0,service general,small
"['There was a small wait , but shorter than I expected .']",wait,positive,0,service general,shorter
"[""But after last night , Spice Grill is the only place I 'm eating indian cuisine .""]",indian cuisine,positive,0,food quality,the only place
"[""The food is decent at best , and the ambience , well , it 's a matter of opinion , some may consider it to be a sweet thing , I thought it was just annoying .""]",food,negative,0,food quality,decent
"[""The food is decent at best , and the ambience , well , it 's a matter of opinion , some may consider it to be a sweet thing , I thought it was just annoying .""]",ambience,negative,0,ambience general,annoying
"['Personally I like the margherita pizza better , but they are all good .']",margherita pizza,positive,0,food quality,like
['If it seemed possible to do so while there I would have fought my bill since my dinner portion of my meal was inedible !'],meal,negative,0,food quality,inedible
"[""At first glance this place seems a bit pricey for a hot dog joint , but at Bark you do n't just get your average hot dog .""]",Bark,negative,0,restaurant prices,pricey
['The sashimi is always fresh and the rolls are innovative and delicious .'],sashimi,positive,0,food quality,fresh
['The sashimi is always fresh and the rolls are innovative and delicious .'],rolls,positive,0,food style_options,innovative
['The sashimi is always fresh and the rolls are innovative and delicious .'],rolls,positive,0,food quality,delicious
['Delivery can be spot on or lacking depending on the weather and the day of the week .'],Delivery,negative,0,service general,lacking
['The Four Seasons restaurant is a great experience .'],The Four Seasons restaurant,positive,0,restaurant general,great
"['Seriously , this place kicks ass .']",place,positive,0,restaurant general,kicks ass
"[""I 've enjoyed 99 % of the dishes we 've ordered with the only exceptions being the occasional too-authentic-for-me dish ( I 'm a daring eater but not THAT daring ) .""]",dishes,positive,0,food quality,enjoyed
"[""I 've enjoyed 99 % of the dishes we 've ordered with the only exceptions being the occasional too-authentic-for-me dish ( I 'm a daring eater but not THAT daring ) .""]",dish,negative,0,food quality,too-authentic-for-me
['amazing fresh dogs but best of all endless toppings ! ! !'],dogs,positive,0,food quality,amazing fresh
['amazing fresh dogs but best of all endless toppings ! ! !'],toppings,positive,0,food style_options,best
['amazing fresh dogs but best of all endless toppings ! ! !'],toppings,positive,0,food style_options,endless
"['Love this place , every time we are in the city this is one of the places we always go .']",place,positive,0,restaurant general,Love
['Service is not what one would expect from a joint in this price category .'],Service,negative,0,service general,not what one would expect
['I stumbled upon this great pizzeria as I explored my new neighborhood .'],pizzeria,positive,0,restaurant general,great
['This quaint and romantic trattoria is at the top of my Manhattan restaurant list .'],trattoria,positive,0,ambience general,quaint
['This quaint and romantic trattoria is at the top of my Manhattan restaurant list .'],trattoria,positive,0,restaurant general,romantic
['The food was delicious but do not come here on a empty stomach .'],food,positive,0,food quality,delicious
"[""Patsy 's Pizza - true love""]",Patsy 's Pizza,positive,0,restaurant general,true love
"['Average to good Thai food , but terrible delivery .']",Thai food,positive,0,food quality,Average to good
"['Average to good Thai food , but terrible delivery .']",delivery,negative,0,service general,terrible
"['I tend to judge a sushi restaurant by its sea urchin , which was heavenly at sushi rose .']",sea urchin,positive,0,food quality,heavenly
['Yakitori ( bbq meats ) is tasty too .'],Yakitori ( bbq meats ),positive,0,food quality,tasty
"['Whenever you need a Sushi fix , Mizu will be there with quality fish and great service .']",fish,positive,0,food quality,quality
"['Whenever you need a Sushi fix , Mizu will be there with quality fish and great service .']",service,positive,0,service general,great
['Faan is sooo good .'],Faan,positive,0,restaurant general,good
"[""Do n't judge this place prima facie , you have to try it to believe it , a home away from home for the literate heart .""]",place,positive,0,restaurant general,try it and believe it
['Fish is so very fresh .'],Fish,positive,0,food quality,fresh
['My boyfriend had Prime Rib it was good .'],Prime Rib,positive,0,food quality,good
['Drinks way over priced .'],Drinks,negative,0,drinks prices,over priced
['Unique apppetizers .'],apppetizers,positive,0,food quality,Unique
"[""It 's a great place to order from or sit-in .""]",place,positive,0,restaurant miscellaneous,great
['The food is great and reasonably priced .'],food,positive,0,food quality,great
['The food is great and reasonably priced .'],food,positive,0,food prices,reasonably priced
"['When we sat , we got great and fast service .']",service,positive,0,service general,great
"['When we sat , we got great and fast service .']",service,positive,0,service general,fast
"['Be sure to try the seasonal , and always delicious , specials .']",specials,positive,0,food quality,try
"['Be sure to try the seasonal , and always delicious , specials .']",specials,positive,0,food quality,seasonal
"['Be sure to try the seasonal , and always delicious , specials .']",specials,positive,0,food quality,delicious
"['Great food , good size menu , great service and an unpretensious setting .']",food,positive,0,food quality,Great
"['Great food , good size menu , great service and an unpretensious setting .']",menu,positive,0,food style_options,good size
"['Great food , good size menu , great service and an unpretensious setting .']",service,positive,0,service general,great
"['Great food , good size menu , great service and an unpretensious setting .']",setting,positive,0,ambience general,unpretensious
['The sangria was pretty tasty and good on a hot muggy day .'],sangria,positive,0,drinks quality,tasty
['The sangria was pretty tasty and good on a hot muggy day .'],sangria,positive,0,drinks quality,good
['All the staff is absolutely professional ! !'],staff,positive,0,service general,professional
"['The service was impeccable and unobtrusive -- the staff knows what they are there to do -- to know their menu , present your meal , and attend to your needs .']",service,positive,0,service general,impeccable
"['The service was impeccable and unobtrusive -- the staff knows what they are there to do -- to know their menu , present your meal , and attend to your needs .']",service,positive,0,service general,unobtrusive
"[""The Four Seasons has history and it is a sort of landmark of New York City restaurants , but trust me , they will charge you through the nose just so that you can say `` I 've been to the four seasons restaurant `` .""]",The Four Seasons,neutral,0,restaurant miscellaneous,a sort of landmark
"[""The Four Seasons has history and it is a sort of landmark of New York City restaurants , but trust me , they will charge you through the nose just so that you can say `` I 've been to the four seasons restaurant `` .""]",The Four Seasons,negative,0,restaurant prices,charge you through the nose
"[""The food can get pricey but the prixe fixe tasting menu is the greatest food for a good price and they cater the food to any food allergies or food you do n't like .""]",food,negative,0,food prices,pricey
"[""The food can get pricey but the prixe fixe tasting menu is the greatest food for a good price and they cater the food to any food allergies or food you do n't like .""]",prixe fixe tasting menu,positive,0,food quality,greatest
"[""The food can get pricey but the prixe fixe tasting menu is the greatest food for a good price and they cater the food to any food allergies or food you do n't like .""]",prixe fixe tasting menu,positive,0,food prices,greatest
"['Food was very good , but not what I would consider out of this world .']",Food,neutral,0,food quality,good
['The server was really cool and served us our food and drinks with a smile .'],server,positive,0,service general,cool
"['The manager came to the table and said we can do what we want , so we paid for what we did enjoy , the drinks and appetizers , and walked out .']",drinks,positive,0,drinks quality,enjoy
"['The manager came to the table and said we can do what we want , so we paid for what we did enjoy , the drinks and appetizers , and walked out .']",appetizers,positive,0,food quality,enjoy
['This place is the most Japanese it can ever get .'],place,positive,0,restaurant miscellaneous,Japanese
['The portions are large and the servers always surprise us with a different starter .'],portions,positive,0,food style_options,large
['I absolutely Loved this place .'],place,positive,0,restaurant general,Loved
"['The space is limited so be prepared to wait up to 45 minutes - 1 hour , but be richly rewarded when you savor the delicious indo-chinese food .']",space,negative,0,restaurant miscellaneous,limited
"['The space is limited so be prepared to wait up to 45 minutes - 1 hour , but be richly rewarded when you savor the delicious indo-chinese food .']",indo-chinese food,positive,0,food quality,delicious
"['They have a delicious banana chocolate dessert , as well as a great green tea tempura .']",banana chocolate dessert,positive,0,food quality,delicious
"['They have a delicious banana chocolate dessert , as well as a great green tea tempura .']",green tea tempura,positive,0,food quality,great
['i love margherita pizza – i looove east village pizza'],east village pizza,positive,0,restaurant general,love
['i love margherita pizza – i looove east village pizza'],margherita pizza,positive,0,food quality,looove
['Here the hot dog is elevated to the level of a real entree with numerous variations available .'],hot dog,positive,0,food quality,elevated
['Here the hot dog is elevated to the level of a real entree with numerous variations available .'],hot dog,positive,0,food style_options,elevated
['my favorite place lol'],place,positive,0,restaurant general,favorite
['The counter service is bad .'],counter service,negative,0,service general,bad
['Had an awful experience at Casa la Femme on a Saturday dinner .'],Casa la Femme,negative,0,restaurant general,awful
"[""Just because it 's cheap does NOT mean the portions are small or the food is nasty , IT IS GREAT !""]",food,positive,0,food quality,GREAT
"['Despite a slightly limited menu , everything prepared is done to perfection , ultra fresh and a work of food art .']",menu,negative,0,food style_options,limited
"['My main concern was the sanity of the food that was being sent out to myself and others , but I would be lying is I said that as someone who has worked in restaurants since the age of fifteen I was expecting at least a minimal effort on the part of the restaurant to amend the situation .']",food,negative,0,food quality,concern
"['The crust is thin , the ingredients are fresh and the staff is friendly .']",crust,positive,0,food quality,thin
"['The crust is thin , the ingredients are fresh and the staff is friendly .']",staff,positive,0,service general,friendly
"['The crust is thin , the ingredients are fresh and the staff is friendly .']",ingredients,positive,0,food quality,fresh
"['Do not get the Go Go Hamburgers , no matter what the reviews say .']",Go Go Hamburgers,negative,0,food quality,Do not get
"['Great place , great value .']",place,positive,0,restaurant general,Great
"['Great place , great value .']",place,positive,0,restaurant prices,Great
"['Yamato is an excellent place to go if youre not into sashimi , or if you have friends who doesnt like sushi much .']",Yamato,positive,0,restaurant miscellaneous,excellent
"[""Everytime I decide to try another place on the UES , I get angry that I did n't just go to Zucchero Pomodori .""]",Zucchero Pomodori,positive,0,restaurant general,did n't just go to
['LLOOVVE THIS PLACE .'],PLACE,positive,0,restaurant general,LLOOVVE
['The menu is very limited - i think we counted 4 or 5 entrees .'],menu,negative,0,food style_options,limited
"['This is one of my favorite spot , very relaxing the food is great all the times , celebrated my engagement and my wedding here , it was very well organized .']",food,positive,0,food quality,great
"[""The decor however seems to be the distraction so you wo n't notice that you just payed 300 bucks for some cold eggplant that took 2 FRICKIN HOURS TO COME ! ! ! !""]",decor,neutral,0,ambience general,distraction
"[""The decor however seems to be the distraction so you wo n't notice that you just payed 300 bucks for some cold eggplant that took 2 FRICKIN HOURS TO COME ! ! ! !""]",eggplant,negative,0,food quality,cold
"[""The decor however seems to be the distraction so you wo n't notice that you just payed 300 bucks for some cold eggplant that took 2 FRICKIN HOURS TO COME ! ! ! !""]",eggplant,negative,0,food prices,300 bucks
"[""As a Japanese native , I 've lived in the Tristate area for over 8 years , but I was just so amazed at this place .""]",place,positive,0,restaurant general,amazed
['Dessert : pure disaster .'],Dessert,negative,0,food quality,disaster
"['Moules were excellent , lobster ravioli was VERY salty !']",Moules,positive,0,food quality,excellent
"['Moules were excellent , lobster ravioli was VERY salty !']",lobster ravioli,negative,0,food quality,salty
['The atmosphere is relaxed and casual .'],atmosphere,positive,0,ambience general,relaxed
['Food is excellent .'],Food,positive,0,food quality,excellent
"['The food was average to above-average ; the French Onion soup filling yet not overly impressive , and the desserts not brilliant in any way .']",food,positive,0,food quality,average to above-average
"['The food was average to above-average ; the French Onion soup filling yet not overly impressive , and the desserts not brilliant in any way .']",French Onion soup,negative,0,food quality,not overly impressive
"['The food was average to above-average ; the French Onion soup filling yet not overly impressive , and the desserts not brilliant in any way .']",desserts,negative,0,food quality,not brilliant
"['The manager finally said he would comp the two glasses of wine ( which cost less than the food ) , and made it seem like a big concession .']",manager,negative,0,service general,seem like a big concession
['I never write on these sites but this restaurant is def worth commending !'],restaurant,positive,0,restaurant general,worth
['The food here was mediocre at best .'],food,negative,0,food quality,mediocre
"['The decor is vibrant and eye-pleasing with several semi-private boths on the right side of the dining hall , which are great for a date .']",decor,positive,0,ambience general,vibrant
"['The decor is vibrant and eye-pleasing with several semi-private boths on the right side of the dining hall , which are great for a date .']",decor,positive,0,ambience general,eye-pleasing
"['The decor is vibrant and eye-pleasing with several semi-private boths on the right side of the dining hall , which are great for a date .']",semi-private boths,positive,0,ambience general,great
['The decor is very simple but comfortable .'],decor,positive,0,ambience general,simple
['The decor is very simple but comfortable .'],decor,positive,0,ambience general,comfortable
['I had fish and my husband had the filet - both of which exceeded our expectations .'],fish,positive,0,food quality,exceeded our expectations
['I had fish and my husband had the filet - both of which exceeded our expectations .'],filet,positive,0,food quality,exceeded our expectations
"['The service was attentive , yet discreet .']",service,positive,0,service general,attentive
"['The service was attentive , yet discreet .']",service,positive,0,service general,discreet
"['The restaurant has a Family feel , not least with regard to the portions which are enormous ; the veal alone could have single-handedly solved third world famine .']",restaurant,positive,0,ambience general,Family feel
"['The restaurant has a Family feel , not least with regard to the portions which are enormous ; the veal alone could have single-handedly solved third world famine .']",portions,positive,0,food style_options,enormous
"['The restaurant has a Family feel , not least with regard to the portions which are enormous ; the veal alone could have single-handedly solved third world famine .']",veal,positive,0,food style_options,have single-handedly solved third world famine
"[""I come from a family of pizzeria owners , and I 'm almost ashamed to say that the pizza in Fornino 's blows my families receipies away .""]",pizza,positive,0,food quality,ashamed
['Always great service !'],service,positive,0,service general,great
['The farro salad and the mashed yukon potatoes were also extremely tasty .'],farro salad,positive,0,food quality,tasty
['The farro salad and the mashed yukon potatoes were also extremely tasty .'],mashed yukon potatoes,positive,0,food quality,tasty
['The restaurant is cute but not upscale .'],restaurant,neutral,0,restaurant general,cute
['The restaurant is cute but not upscale .'],restaurant,neutral,0,restaurant general,not upscale
"['We did tip , I guess the model /waitress just wanted more and complained to the manager .']",waitress,negative,0,service general,complained
"['I choose to go with one of the special , the braised lamb shank in red wine , which was excellent .']",braised lamb shank in red wine,positive,0,food quality,excellent
['People are always friendly .'],People,positive,0,service general,friendly
['I recently tried Suan and I thought that it was great .'],Suan,positive,0,restaurant general,great
['Too bad I had paid an extra $ 2 for the stone bowl .'],stone bowl,negative,0,food prices,bad
"[""I like the ambience , it 's very dark and original .""]",ambience,positive,0,ambience general,like
"[""I like the ambience , it 's very dark and original .""]",ambience,positive,0,ambience general,dark
"[""I like the ambience , it 's very dark and original .""]",ambience,positive,0,ambience general,original
['Pizza was a little soggy .'],Pizza,negative,0,food quality,soggy
"['great food , great wine list , great service in a great neighborhood ...']",food,positive,0,food quality,great
"['great food , great wine list , great service in a great neighborhood ...']",wine list,positive,0,drinks style_options,great
"['great food , great wine list , great service in a great neighborhood ...']",service,positive,0,service general,great
"['great food , great wine list , great service in a great neighborhood ...']",neighborhood,positive,0,location general,great
['If you want something really different than try Jekyll and Hyde .'],Jekyll and Hyde,positive,0,restaurant general,different
['The food is good .'],food,positive,0,food quality,good
['My wife had barely touched that mess of a dish .'],dish,negative,0,food quality,mess
"['I recommend the jelly fish , drunken chicken and the soupy dumplings , certainly the stir fry blue crab .']",jelly fish,positive,0,food quality,recommend
"['I recommend the jelly fish , drunken chicken and the soupy dumplings , certainly the stir fry blue crab .']",drunken chicken,positive,0,food quality,recommend
"['I recommend the jelly fish , drunken chicken and the soupy dumplings , certainly the stir fry blue crab .']",soupy dumplings,positive,0,food quality,recommend
"['I recommend the jelly fish , drunken chicken and the soupy dumplings , certainly the stir fry blue crab .']",stir fry blue crab,positive,0,food quality,recommend
"[""Thalia is a beautiful restaurant with beautiful people serving you , but the food does n't quite match up .""]",people,positive,0,service general,beautiful
"[""Thalia is a beautiful restaurant with beautiful people serving you , but the food does n't quite match up .""]",food,negative,0,food quality,does n't quite match up
"[""Thalia is a beautiful restaurant with beautiful people serving you , but the food does n't quite match up .""]",Thalia,positive,0,ambience general,beautiful
"[""We wo n't go to this place again for a good meal .""]",meal,negative,0,food quality,good
"['i happen to have a policy that goes along with a little bit of self-respect , which includes not letting a waiter intimidate me , i.e . make me feel bad asking for trivialities like water , or the check .']",waiter,negative,0,service general,bad
"['My friends settled for rice dishes , but we came back the following day to try the dim sum , which was good ... not outstanding , but good .']",dim sum,neutral,0,food quality,good
"['My friends settled for rice dishes , but we came back the following day to try the dim sum , which was good ... not outstanding , but good .']",dim sum,neutral,0,food quality,not outstanding
"['The signs , the specials menus , food , and even all the waitstaff are ALL TOTALLY Japanese .']",signs,positive,0,restaurant miscellaneous,Japanese
"['The signs , the specials menus , food , and even all the waitstaff are ALL TOTALLY Japanese .']",specials menus,positive,0,food style_options,Japanese
"['The signs , the specials menus , food , and even all the waitstaff are ALL TOTALLY Japanese .']",food,positive,0,food quality,Japanese
"['The signs , the specials menus , food , and even all the waitstaff are ALL TOTALLY Japanese .']",waitstaff,positive,0,service general,Japanese
['When we inquired about ports - the waitress listed off several but did not know taste variations or cost .'],waitress,negative,0,service general,did not know
['This establishment is the real deal .'],establishment,positive,0,restaurant general,real deal
['We also asked for Hooka six times and the waiter kept telling us one minute and never returning with the Hooka .'],waiter,negative,0,service general,asked for Hooka six times
['This place is worth an one-hour drive .'],place,positive,0,restaurant general,worth
['the waitstaffs are nice though .'],waitstaffs,positive,0,service general,nice
['The food was exceptional .'],food,positive,0,food quality,exceptional
"['I have never left a restaurant feeling as if i was abused , and wasted my hard earned money .']",restaurant,negative,0,restaurant general,abused
"['I have never left a restaurant feeling as if i was abused , and wasted my hard earned money .']",restaurant,negative,0,restaurant prices,abused
"['Kind , attentive wait staff .']",wait staff,positive,0,service general,Kind
"['Kind , attentive wait staff .']",wait staff,positive,0,service general,attentive
['Decor is charming .'],Decor,positive,0,ambience general,charming
"['The waitress , seems to be more concerned of looking good than actually waitressing .']",waitress,negative,0,service general,more concerned of looking good
"[""I have been to Roth 's twice and both times were very disappointing .""]",Roth 's,negative,0,restaurant general,disappointing
"['We went here for lunch a couple of weeks ago on a Saturday , and I was thoroughly impressed with the food .']",food,positive,0,food quality,impressed
['The sake ’ s complimented the courses very well and is successfully easing me into the sake world .'],sake ’ s,positive,0,drinks quality,very well
['The sake ’ s complimented the courses very well and is successfully easing me into the sake world .'],sake ’ s,positive,0,drinks quality,successfully
"[""You can get a completely delish martini in a glass ( that 's about 2 1/2 drinks ) for $ 8.50 ( I recommend the Vanilla Shanty , mmmm ! ) in a great homey setting with great music .""]",martini,positive,0,drinks quality,delish
"[""You can get a completely delish martini in a glass ( that 's about 2 1/2 drinks ) for $ 8.50 ( I recommend the Vanilla Shanty , mmmm ! ) in a great homey setting with great music .""]",martini,positive,0,drinks style_options,delish
"[""You can get a completely delish martini in a glass ( that 's about 2 1/2 drinks ) for $ 8.50 ( I recommend the Vanilla Shanty , mmmm ! ) in a great homey setting with great music .""]",martini,positive,0,drinks prices,delish
"[""You can get a completely delish martini in a glass ( that 's about 2 1/2 drinks ) for $ 8.50 ( I recommend the Vanilla Shanty , mmmm ! ) in a great homey setting with great music .""]",Vanilla Shanty,positive,0,drinks quality,recommend
"[""You can get a completely delish martini in a glass ( that 's about 2 1/2 drinks ) for $ 8.50 ( I recommend the Vanilla Shanty , mmmm ! ) in a great homey setting with great music .""]",setting,positive,0,ambience general,homey
"[""You can get a completely delish martini in a glass ( that 's about 2 1/2 drinks ) for $ 8.50 ( I recommend the Vanilla Shanty , mmmm ! ) in a great homey setting with great music .""]",music,positive,0,ambience general,great
['This is an amazing place to try some roti rolls .'],roti rolls,positive,0,food quality,try
"['Judging from previous posts this used to be a good place , but not any longer .']",place,negative,0,restaurant general,used to be a good
"[""It is quite a spectacular scene i 'll give them that .""]",scene,positive,0,ambience general,spectacular
['A Thai restaurant out of rice during dinner ?'],Thai restaurant,negative,0,restaurant miscellaneous,out of rice
['The bar is very well stocked with interesting beers and well priced wines .'],bar,positive,0,drinks style_options,well stocked
['The bar is very well stocked with interesting beers and well priced wines .'],beers,positive,0,drinks style_options,interesting
['The bar is very well stocked with interesting beers and well priced wines .'],wines,positive,0,drinks prices,well priced
['The staff there is very attentive and down to earth .'],staff,positive,0,service general,attentive
['The staff there is very attentive and down to earth .'],staff,positive,0,service general,down to earth
"['The kitchen however , is almost always slow .']",kitchen,negative,0,service general,slow
"['It may be a bit packed on weekends , but the vibe is good and it is the best French food you will find in the area .']",vibe,positive,0,ambience general,good
"['It may be a bit packed on weekends , but the vibe is good and it is the best French food you will find in the area .']",French food,positive,0,food quality,best
['i love their chicken pasta cant remember the name but is sooo good'],chicken pasta,positive,0,food quality,love
"['Not only is it an adventure getting to this somewhat hidden spot , once you enter the unmarked wooden doors , the zen and intimate décor will make you feel like you ’ re no longer in the city .']",spot,neutral,0,location general,hidden
"['Not only is it an adventure getting to this somewhat hidden spot , once you enter the unmarked wooden doors , the zen and intimate décor will make you feel like you ’ re no longer in the city .']",unmarked wooden doors,positive,0,ambience general,feel like you ’ re no longer in the city
"['Not only is it an adventure getting to this somewhat hidden spot , once you enter the unmarked wooden doors , the zen and intimate décor will make you feel like you ’ re no longer in the city .']",décor,positive,0,ambience general,intimate
['great toppings definitely a place you need to check out for late night munchies or a mid day boost !'],toppings,positive,0,food quality,great
['great toppings definitely a place you need to check out for late night munchies or a mid day boost !'],place,positive,0,restaurant miscellaneous,great
['This place is incredibly tiny .'],place,negative,0,ambience general,tiny
"['The food and service were fine , however the maitre-D was incredibly unwelcoming and arrogant .']",food,positive,0,food quality,fine
"['The food and service were fine , however the maitre-D was incredibly unwelcoming and arrogant .']",service,positive,0,service general,fine
"['The food and service were fine , however the maitre-D was incredibly unwelcoming and arrogant .']",maitre-D,negative,0,service general,unwelcoming
"['The food and service were fine , however the maitre-D was incredibly unwelcoming and arrogant .']",maitre-D,negative,0,service general,arrogant
['The duck confit is always amazing and the foie gras terrine with figs was out of this world .'],foie gras terrine with figs,positive,0,food quality,out of this world
['The duck confit is always amazing and the foie gras terrine with figs was out of this world .'],duck confit,positive,0,food quality,amazing
"['Most importantly , food is excellent .']",food,positive,0,food quality,excellent
['I ordered the smoked salmon and roe appetizer and it was off flavor .'],smoked salmon and roe appetizer,negative,0,food quality,off flavor
['Maggot in the food !'],food,negative,0,food quality,Maggot
['Salads were fantastic .'],Salads,positive,0,food quality,fantastic
['We had the lobster sandwich and it was FANTASTIC .'],lobster sandwich,positive,0,food quality,FANTASTIC
['I thought this place was totally overrated .'],place,negative,0,restaurant general,overrated
"[""I 've lived in NY for 5 years and this place has it all .""]",place,positive,0,restaurant general,has it all
"['Ask for Usha , the nicest bartender in manhattan .']",Usha,positive,0,service general,nicest
['The service was the only thing good about this restaurant .'],service,positive,0,service general,good
['We waited at the bar and had martinis that were just right .'],martinis,positive,0,drinks quality,right
['Thius is a must for anyone who loves Shabu-Shabu .'],Shabu-Shabu,positive,0,food quality,loves
['It was totally overpriced - fish and chips was about $ 15 ...'],fish and chips,negative,0,food prices,about $ 15
['They have a huge selection of different cream cheeses and all of their salads are great .'],salads,positive,0,food quality,great
['They have a huge selection of different cream cheeses and all of their salads are great .'],cream cheeses,positive,0,food style_options,huge
['They have a huge selection of different cream cheeses and all of their salads are great .'],cream cheeses,positive,0,food style_options,different
['I would not expect this for a $ 55 dinner .'],dinner,negative,0,food quality,would not expect
['I would not expect this for a $ 55 dinner .'],dinner,negative,0,food prices,$ 55
['I got hair in my food 2 times of then !'],food,negative,0,food quality,got hair in my food
['Noodle pudding is exactly the type of service and food I enjoy .'],service,positive,0,service general,enjoy
['Noodle pudding is exactly the type of service and food I enjoy .'],food,positive,0,food quality,enjoy
"[""Volare virgins or weekly regulars , everyone gets treated the same and you ca n't ask for more than that when the service is this friendly .""]",service,positive,0,service general,friendly
['Ive asked a cart attendant for a lotus leaf wrapped rice and she replied back rice and just walked away .'],cart attendant,negative,0,service general,walked away
['This place is always very crowded and popular .'],place,positive,0,restaurant miscellaneous,crowded
['This place is always very crowded and popular .'],place,positive,0,restaurant miscellaneous,popular
['The design and atmosphere is just as good .'],design,positive,0,ambience general,good
['The design and atmosphere is just as good .'],atmosphere,positive,0,ambience general,good
"['Interesting selection , good wines , service fine , fun decor .']",wines,positive,0,drinks quality,good
"['Interesting selection , good wines , service fine , fun decor .']",service,positive,0,service general,fine
"['Interesting selection , good wines , service fine , fun decor .']",decor,positive,0,ambience general,fun
"['Interesting selection , good wines , service fine , fun decor .']",selection,positive,0,food style_options,Interesting
['first it took us a long time to find the place .'],place,negative,0,restaurant miscellaneous,took us a long time
['The manager was rude and handled the situation extremely poorly .'],manager,negative,0,service general,rude
['But the best pork souvlaki I ever had is the main thing .'],pork souvlaki,positive,0,food quality,best
"['I wish I could like this place more , and I wish someone would retrain the staff .']",staff,negative,0,service general,retrain
"['Great food , great prices , great service .']",food,positive,0,food quality,Great
"['Great food , great prices , great service .']",service,positive,0,service general,great
['My son and his girlfriend both wanted cheeseburgers and they were huge !'],cheeseburgers,neutral,0,food style_options,huge
['I CAN EAT HERE EVERY DAY OF THE WEEK REALLY LOL LOVE THIS PLACE ... )'],PLACE,positive,0,restaurant general,LOVE
"['This guy refused to seat her and she left , followed shortly by the four of us , but not before I told him that in my 40 years of world travel , including Paris , that I had never seen such a display of bad behavior by a frontman in a restaurant .']",frontman,negative,0,service general,bad
"[""Thank you everyone at Water 's Edge .""]",Water 's Edge,positive,0,restaurant general,Thank you
"['Overall , decent food at a good price , with friendly people .']",food,positive,0,food quality,decent
"['Overall , decent food at a good price , with friendly people .']",food,positive,0,food prices,good
"['Overall , decent food at a good price , with friendly people .']",people,positive,0,service general,friendly
"['I showed it to the manager , and he smilingly apologized and brought us two free desserts ( but did not ask us what we wanted and so brought the last two desserts we would have asked for ) .']",manager,positive,0,service general,smilingly
['Service is average .'],Service,neutral,0,service general,average
['I LOVE their Thai'],Thai,positive,0,food quality,LOVE
"['The waitress moved our table practically into the bathroom and when we asked to cancel our dinner orders because we did not want to eat sitting on the toilet , we were told no ...']",waitress,negative,0,service general,sitting on the toilet
['Tiny dessert was $ 8.00 ... just plain overpriced for what it is .'],dessert,negative,0,food quality,plain
['Tiny dessert was $ 8.00 ... just plain overpriced for what it is .'],dessert,negative,0,food style_options,Tiny
['Tiny dessert was $ 8.00 ... just plain overpriced for what it is .'],dessert,negative,0,food prices,overpriced
"[""Do n't dine at Tamarind for the vegetarian dishes , they are simply not up to par with the non-veg selections .""]",vegetarian dishes,negative,0,food quality,not up to par
"['And it all comes at a very reasonable price ( congee , noodles , and rice dishes are no more than $ 3-6 each ) .']",congee,positive,0,food prices,no more than $ 3-6 each
"['And it all comes at a very reasonable price ( congee , noodles , and rice dishes are no more than $ 3-6 each ) .']",noodles,positive,0,food prices,no more than $ 3-6 each
"['And it all comes at a very reasonable price ( congee , noodles , and rice dishes are no more than $ 3-6 each ) .']",rice dishes,positive,0,food prices,no more than $ 3-6 each
['The cold appetizer dishes taste like the way I remember them to taste when I was growing up in Taiwan .'],cold appetizer dishes,positive,0,food quality,like the way I remember them
['The appetizers are also delicious !'],appetizers,positive,0,food quality,delicious
['The wine list is extensive and can easily hike up an otherwise reasonably priced meal .'],wine list,positive,0,drinks style_options,extensive
['The wine list is extensive and can easily hike up an otherwise reasonably priced meal .'],meal,positive,0,food prices,reasonably priced
"['Please take my advice , go and try this place .']",place,positive,0,restaurant general,go and try
['Decor needs to be upgraded but the food is amazing !'],Decor,negative,0,ambience general,upgraded
['Decor needs to be upgraded but the food is amazing !'],food,positive,0,food quality,amazing
['Single Worst Restaurant in Manhattan'],Restaurant,negative,0,restaurant general,Worst
"['Place is open till late , no dress code .']",Place,positive,0,restaurant miscellaneous,open till late
"[""I had never had Edamame pureed before but I thought it was innovative and tasty ( could 've used a bit more salt ) .""]",Edamame pureed,positive,0,food quality,tasty
"[""I had never had Edamame pureed before but I thought it was innovative and tasty ( could 've used a bit more salt ) .""]",Edamame pureed,positive,0,food style_options,innovative
['The only thing I moderately enjoyed was their Grilled Chicken special with Edamame Puree .'],Grilled Chicken special with Edamame Puree,positive,0,food quality,enjoyed
['Love their drink menu .'],drink menu,positive,0,drinks style_options,Love
['Bukhara is on my top 5 Indian places in NYC'],Bukhara,positive,0,restaurant general,top
"['Its location is good and the fact that Hutner College is near and their prices are very reasonable , makes students go back to Suan again and again .']",location,positive,0,location general,good
"['Its location is good and the fact that Hutner College is near and their prices are very reasonable , makes students go back to Suan again and again .']",Suan,positive,0,restaurant prices,reasonable
"['Terrible , terrible management - deserves to be shut-down .']",management,negative,0,service general,Terrible
"['Terrible , terrible management - deserves to be shut-down .']",management,negative,0,service general,terrible
['I took one look at the chicken and I was appalled .'],chicken,negative,0,food style_options,appalled
"['Downtown Dinner 2002 - Prixe fix : Appetizers were ok , waiter gave me poor suggestion ... try the potato stuff kanish best one .']",Appetizers,neutral,0,food quality,ok
"['Downtown Dinner 2002 - Prixe fix : Appetizers were ok , waiter gave me poor suggestion ... try the potato stuff kanish best one .']",waiter,negative,0,service general,poor
"['Downtown Dinner 2002 - Prixe fix : Appetizers were ok , waiter gave me poor suggestion ... try the potato stuff kanish best one .']",potato stuff kanish,positive,0,food quality,try
"['Downtown Dinner 2002 - Prixe fix : Appetizers were ok , waiter gave me poor suggestion ... try the potato stuff kanish best one .']",potato stuff kanish,positive,0,food quality,best
['The bagel was huge .'],bagel,positive,0,food style_options,huge
"['Excellent food , although the interior could use some help .']",food,positive,0,food quality,Excellent
"['Excellent food , although the interior could use some help .']",interior,negative,0,ambience general,help
"['I went to Areo on a Sunday afternoon with four of my girlfriends , and spent three enjoyable hours there .']",Areo,positive,0,restaurant general,enjoyable
['Service was very prompt but slightly rushed .'],Service,positive,0,service general,prompt
['Service was very prompt but slightly rushed .'],Service,positive,0,service general,rushed
['bottles of wine are cheap and good .'],bottles of wine,positive,0,drinks prices,cheap
['bottles of wine are cheap and good .'],bottles of wine,positive,0,drinks quality,good
['The menu has so many fish items and oysters .'],menu,positive,0,food style_options,so many
['The food was absolutely amazing ! !'],food,positive,0,food quality,amazing
"['The menu looked great , and the waiter was very nice , but when the food came , it was average .']",menu,positive,0,food style_options,great
"['The menu looked great , and the waiter was very nice , but when the food came , it was average .']",waiter,positive,0,service general,nice
"['The menu looked great , and the waiter was very nice , but when the food came , it was average .']",food,neutral,0,food quality,average
['We were greeted promptly by the waiter who was very nice and cordial .'],waiter,positive,0,service general,nice
['We were greeted promptly by the waiter who was very nice and cordial .'],waiter,positive,0,service general,cordial
['Wine list selection is good and wine-by-the-glass was generously filled to the top .'],Wine list selection,positive,0,drinks style_options,good
['Wine list selection is good and wine-by-the-glass was generously filled to the top .'],wine-by-the-glass,positive,0,drinks style_options,generously filled
['The people that work there are always so friendly you forget you are in New York sometimes .'],people,positive,0,service general,friendly
['Decent wine at reasonable prices .'],wine,positive,0,drinks quality,Decent
['Decent wine at reasonable prices .'],wine,positive,0,drinks prices,reasonable
"['I got the $ 10 10-piece dim sum combo , every bite of which was great .']",$ 10 10-piece dim sum combo,positive,0,food quality,great
['Great food !'],food,positive,0,food quality,Great
['Their pad penang is delicious and everything else is fantastic .'],pad penang,positive,0,food quality,delicious
['I can not imagine a friendlier staff working in a restaurant .'],staff,positive,0,service general,friendlier
"['Luckily we saved room for the BBQ Salmon , Sea Bass and Crispy Duck .']",BBQ Salmon,positive,0,food quality,Luckily
"['Luckily we saved room for the BBQ Salmon , Sea Bass and Crispy Duck .']",Sea Bass,positive,0,food quality,Luckily
"['Luckily we saved room for the BBQ Salmon , Sea Bass and Crispy Duck .']",Crispy Duck,positive,0,food quality,Luckily
['Dokebi gives Williamsburg the right one-two punch of classic Korean food and fusion twists like pork belly tacos .'],Korean food,positive,0,food quality,classic
['Dokebi gives Williamsburg the right one-two punch of classic Korean food and fusion twists like pork belly tacos .'],fusion twists,positive,0,food quality,classic
['Dokebi gives Williamsburg the right one-two punch of classic Korean food and fusion twists like pork belly tacos .'],pork belly tacos,positive,0,food quality,classic
"[""If you venture off the island of Manhattan and ca n't seem to find a great Italian restaurant , drive to Corona .""]",Corona,positive,0,restaurant general,great
['Lucky Strike is a great casual place to just grab a bite to eat .'],Lucky Strike,positive,0,restaurant general,great casual
['I have been to Casimir over 5 times and I have always had a great time there .'],Casimir,positive,0,restaurant general,great time
"['But the best part about LS is the late night atmosphere , delightfully free of the BTs .']",late night atmosphere,positive,0,ambience general,best
['The dining room is quietly elegant with no music to shout over -- how refreshing !'],dining room,positive,0,ambience general,elegant
['The dining room is quietly elegant with no music to shout over -- how refreshing !'],dining room,positive,0,ambience general,refreshing
"['This is such a lovely , peaceful place to eat outside .']",place,positive,0,ambience general,lovely
"['This is such a lovely , peaceful place to eat outside .']",place,positive,0,ambience general,peaceful
['Service is top notch .'],Service,positive,0,service general,top notch
"['oh speaking of bathroom , the mens bathroom was disgusting .']",mens bathroom,negative,0,ambience general,disgusting
"[""I 'll being with a couple of positives : cool decor , good pita and hummus , and grilled octopus that was actually pretty tasty .""]",decor,positive,0,ambience general,cool
"[""I 'll being with a couple of positives : cool decor , good pita and hummus , and grilled octopus that was actually pretty tasty .""]",pita,positive,0,food quality,good
"[""I 'll being with a couple of positives : cool decor , good pita and hummus , and grilled octopus that was actually pretty tasty .""]",hummus,positive,0,food quality,good
"[""I 'll being with a couple of positives : cool decor , good pita and hummus , and grilled octopus that was actually pretty tasty .""]",grilled octopus,positive,0,food quality,tasty
['Mine was a little burnt but still delicious with goat cheese and panchetta ( raddichio was kind of bitter though ) .'],raddichio,negative,0,food quality,bitter
['If I could give 0 stars I would do so for this place .'],place,negative,0,restaurant general,0 stars
['The hostess is rude to the point of being offensive .'],hostess,negative,0,service general,rude
['The hostess is rude to the point of being offensive .'],hostess,negative,0,service general,offensive
['The frizzy retro girl ( with winged/ Dame Edna glasses ) will yell at you if you try to order a drink .'],girl,negative,0,service general,frizzy
['Great atmoshere and worth every bit .'],atmoshere,positive,0,ambience general,Great
['Bison was quite excellent however .'],Bison,positive,0,food quality,excellent
['The food is a diamond in rough -- the food is delicious and homemade with the perfect balance of herbs and tomatoes .'],food,positive,0,food quality,diamond
['The food is a diamond in rough -- the food is delicious and homemade with the perfect balance of herbs and tomatoes .'],balance of herbs and tomatoes,positive,0,food quality,perfect
['Food was good and the view of the new york city skiline was terrific even on a foggy rainy day like that of when I went .'],Food,positive,0,food quality,good
['Food was good and the view of the new york city skiline was terrific even on a foggy rainy day like that of when I went .'],view of the new york city skiline,positive,0,location general,terrific
['The lava cake dessert was incredible and I recommend it .'],lava cake dessert,positive,0,food quality,incredible
['The lava cake dessert was incredible and I recommend it .'],lava cake dessert,positive,0,food quality,recommend
"['service is friendly , and never had a problem walking in and getting a table .']",service,positive,0,service general,friendly
['I will be out with friends and all of a sudden I am hungry and I only crave one thing ... their Pizza .'],Pizza,positive,0,food quality,crave
['I was here a few weeks back and we had the worst customer service experience at a restaurant ever .'],customer service,negative,0,service general,worst
"['The spicy tuna roll was unusually good and the rock shrimp tempura was awesome , great appetizer to share !']",spicy tuna roll,positive,0,food quality,good
"['The spicy tuna roll was unusually good and the rock shrimp tempura was awesome , great appetizer to share !']",rock shrimp tempura,positive,0,food quality,awesome
['The location and ambience is Ok but the food is what makes up for it .'],location,neutral,0,location general,Ok
['The location and ambience is Ok but the food is what makes up for it .'],ambience,neutral,0,ambience general,Ok
['The location and ambience is Ok but the food is what makes up for it .'],food,positive,0,food quality,makes up for it
['I noticed alot of indian people eatting there which is a great sign for an indian place !'],indian place,positive,0,restaurant miscellaneous,great
"['Always a nice crowd , but never loud .']",crowd,positive,0,restaurant miscellaneous,nice
['we love th pink pony .'],pink pony,positive,0,restaurant general,love
"[""Nevertheless , I finished my plate , and that 's when I found a maggot in mushroom sauce at the bottom .""]",mushroom sauce,negative,0,food quality,maggot
['I started out with a Bombay beer which was big enough for two .'],Bombay beer,positive,0,drinks style_options,big
"['The view is spectacular , and the food is great .']",view,positive,0,location general,spectacular
"['The view is spectacular , and the food is great .']",food,positive,0,food quality,great
"['What really makes it shine is the food , which is aggressively seasoned with Cyrpriot spices , and all made in-house ( even the gyro meat and sausages ) , and made of much higher quality ingredients that might otherwise be expected .']",food,positive,0,food quality,shine
"['What really makes it shine is the food , which is aggressively seasoned with Cyrpriot spices , and all made in-house ( even the gyro meat and sausages ) , and made of much higher quality ingredients that might otherwise be expected .']",gyro meat,positive,0,food quality,in-house
"['What really makes it shine is the food , which is aggressively seasoned with Cyrpriot spices , and all made in-house ( even the gyro meat and sausages ) , and made of much higher quality ingredients that might otherwise be expected .']",sausages,positive,0,food quality,in-house
"['What really makes it shine is the food , which is aggressively seasoned with Cyrpriot spices , and all made in-house ( even the gyro meat and sausages ) , and made of much higher quality ingredients that might otherwise be expected .']",ingredients,positive,0,food quality,higher quality
['What a great place .'],place,positive,0,restaurant general,great
"[""Also , specify if you like your food spicy- its rather bland if you do n't .""]",food,negative,0,food quality,bland
"['The svc can be a bit rude at times , esp if you have big group , but overall the restaurant is a must !']",svc,negative,0,service general,rude
"['The svc can be a bit rude at times , esp if you have big group , but overall the restaurant is a must !']",restaurant,positive,0,restaurant general,must
"['The first time the sushi was outstanding , the second time it was a little bland .']",sushi,positive,0,food quality,outstanding
"['The first time the sushi was outstanding , the second time it was a little bland .']",sushi,negative,0,food quality,bland
"['The food is flavorful , plentiful and reasonably priced .']",food,positive,0,food quality,flavorful
"['The food is flavorful , plentiful and reasonably priced .']",food,positive,0,food style_options,plentiful
"['The food is flavorful , plentiful and reasonably priced .']",food,positive,0,food prices,reasonably priced
"[""Have frequented 'ino for several years and the food remains excellent .""]",food,positive,0,food quality,excellent
['Gorgeous place ideal for a romantic dinner'],place,positive,0,ambience general,Gorgeous
['Gorgeous place ideal for a romantic dinner'],place,positive,0,restaurant miscellaneous,ideal
"['quacamole at pacifico is yummy , as are the wings with chimmichuri .']",quacamole,positive,0,food quality,yummy
"['quacamole at pacifico is yummy , as are the wings with chimmichuri .']",wings with chimmichuri,positive,0,food quality,yummy
"['I found the food to be outstanding , particulary the salmon dish I had .']",food,positive,0,food quality,outstanding
"['I found the food to be outstanding , particulary the salmon dish I had .']",salmon dish,positive,0,food quality,outstanding
['My wife had the fried shrimp which are huge and loved it .'],fried shrimp,positive,0,food style_options,huge
['My wife had the fried shrimp which are huge and loved it .'],fried shrimp,positive,0,food quality,loved
['Try sushimi cucumber roll .'],sushimi cucumber roll,positive,0,food quality,Try
['Amazing food .'],food,positive,0,food quality,Amazing
['Truly the mark of an attentive waiter .'],waiter,positive,0,service general,attentive
"[""The pizza was delivered cold and the cheese was n't even fully melted !""]",pizza,negative,0,food quality,cold
"[""The pizza was delivered cold and the cheese was n't even fully melted !""]",cheese,negative,0,food quality,was n't even fully melted
"[""I 'd be horrified if my staff were turning away customers so early and so rudely !""]",staff,negative,0,service general,horrified
['The waiter delivered our food while holding what appeared to be a plastic bag of garbage in one hand .'],waiter,negative,0,service general,garbage
['You can not go wrong with this place .'],place,positive,0,restaurant general,wrong
"['We ordered the chicken casserole , but what we got were a few small pieces of chicken , all dark meat and on the bone .']",chicken casserole,negative,0,food quality,all dark meat and on the bone 
"['We ordered the chicken casserole , but what we got were a few small pieces of chicken , all dark meat and on the bone .']",chicken casserole,negative,0,food style_options,small
['The sushi was awful !'],sushi,negative,0,food quality,awful
['The staff is no nonsense .'],staff,positive,0,service general,no nonsense
['All of the pizzas are terrific and the price is even better !'],pizzas,positive,0,food quality,terrific
"['Cute place , nice wait staff but would never go there again .']",wait staff,positive,0,service general,nice
"['Cute place , nice wait staff but would never go there again .']",place,positive,0,ambience general,Cute
"['Cute place , nice wait staff but would never go there again .']",place,negative,0,restaurant general,never go
"['The entree was bland and small , dessert was not inspired .']",entree,negative,0,food quality,bland
"['The entree was bland and small , dessert was not inspired .']",entree,negative,0,food style_options,small
"['The entree was bland and small , dessert was not inspired .']",dessert,negative,0,food quality,not inspired
['Our family never expected such incredible entertainment in a restaurant .'],entertainment,positive,0,ambience general,incredible
['noodles with shrimp and chicken and coconut juice is the MUST !'],noodles with shrimp and chicken and coconut juice,positive,0,food quality,MUST
['The scallion pancakes and fried dumplings were nothing out of the ordinary .'],scallion pancakes,neutral,0,food quality,ordinary
['The scallion pancakes and fried dumplings were nothing out of the ordinary .'],fried dumplings,neutral,0,food quality,ordinary
['I really liked this place .'],place,positive,0,restaurant general,liked
['Super YUMMY Pizza !'],Pizza,positive,0,food quality,YUMMY
['I have NEVER been disappointed in the Red Eye .'],Red Eye,positive,0,restaurant general,NEVER been disappointed
['I ordered the vitello alla marsala and I was pretty impressed .'],vitello alla marsala,positive,0,food quality,impressed
['Quick and friendly service .'],service,positive,0,service general,Quick
['Quick and friendly service .'],service,positive,0,service general,friendly
['Warning : You may find it difficult to dine at other Japanese restaurants after a visit to Mizu !'],Mizu,positive,0,restaurant general,difficult
['What a great place !'],place,positive,0,restaurant general,great
['Myagi is one of my favorite restaurants in the City ; the place the negative reviews describe sound like they were somewhere else .'],Myagi,positive,0,restaurant general,favorite
"['Cool atmosphere , the fire place in the back really ads to it but needs a bit more heat throughout on a cold night .']",atmosphere,positive,0,ambience general,Cool
"['Cool atmosphere , the fire place in the back really ads to it but needs a bit more heat throughout on a cold night .']",fire place,positive,0,ambience general,really ads to it
"['The atmosphere is nothing special , but it feels like a Sushi establishment in Tokyo .']",atmosphere,positive,0,ambience general,nothing special
['The tuna and wasabe potatoes are excellent .'],tuna,positive,0,food quality,excellent
['The tuna and wasabe potatoes are excellent .'],wasabe potatoes,positive,0,food quality,excellent
['Have never had a problem with service save a missing rice once .'],service,positive,0,service general,problem
"['We were worried we would have trouble getting in , but somehow managed to have a short wait .']",wait,positive,0,service general,short
['The appetizers we ordered were served quickly - an order of fried oysters and clams were delicious but a tiny portion ( maybe 3 of each ) .'],fried oysters and clams,positive,0,food quality,delicious
['The appetizers we ordered were served quickly - an order of fried oysters and clams were delicious but a tiny portion ( maybe 3 of each ) .'],fried oysters and clams,negative,0,food style_options,tiny portion
"[""I ca n't wait for summer , when they serve outside on their gigantic patio .""]",patio,positive,0,ambience general,gigantic
"['stick with the chicken , beef , and lamb dishes .']",chicken,positive,0,food quality,stick
"['stick with the chicken , beef , and lamb dishes .']",beef,positive,0,food quality,stick
"['stick with the chicken , beef , and lamb dishes .']",lamb dishes,positive,0,food quality,stick
['Over all it was a very nice romantic place .'],place,positive,0,restaurant general,nice romantic
['Over all it was a very nice romantic place .'],place,positive,0,ambience general,nice romantic
"['Rather than preparing vegetarian dish , the chef presented me with a plate of steamed vegetables ( minus sauce , seasoning , or any form or aesthetic presentation ) .']",vegetarian dish,negative,0,food style_options,"minus sauce , seasoning , or any form or aesthetic presentation"
"['Good , fast service .']",service,positive,0,service general,Good
"['Good , fast service .']",service,positive,0,service general,fast
['This is the BEST Shabu-Shabu Restaurant in the Try-State Area .'],Shabu-Shabu Restaurant,positive,0,restaurant general,BEST
['The place was nice and calm .'],place,positive,0,ambience general,nice
['The place was nice and calm .'],place,positive,0,ambience general,calm
['The lobster sandwich is good and the spaghetti with Scallops and Shrimp is great .'],lobster sandwich,positive,0,food quality,good
['The lobster sandwich is good and the spaghetti with Scallops and Shrimp is great .'],spaghetti with Scallops and Shrimp,positive,0,food quality,great
"['Planet Thailand has always been a hit with me , I go there usually for the sushi , which is great , the thai food is excellent too .']",sushi,positive,0,food quality,great
"['Planet Thailand has always been a hit with me , I go there usually for the sushi , which is great , the thai food is excellent too .']",thai food,positive,0,food quality,excellent
"['Planet Thailand has always been a hit with me , I go there usually for the sushi , which is great , the thai food is excellent too .']",Planet Thailand,positive,0,restaurant general,hit
['You can not go wrong at the Red Eye Grill .'],Red Eye Grill,positive,0,restaurant general,can not go wrong
"['All in all , the food was great ( except for the dessserts ) .']",food,positive,0,food quality,great
['There is no excuse for such lousy service !'],service,negative,0,service general,lousy
"['Also , waiters try to push more food on you , like suggest things as if they are complimentary when they actually cost $ .']",waiters,negative,0,service general,push
['The place itself is beautiful the bar scene seems to be happening .'],place,positive,0,ambience general,beautiful
"['For the people who want great food plus great service , Roxy is a place to AVOID !']",food,negative,0,food quality,great
"['For the people who want great food plus great service , Roxy is a place to AVOID !']",service,negative,0,service general,great
"['When we stumbled on Leon , we thought that we had found quite the gem BUT , we were certainly wrong .']",Leon,negative,0,restaurant general,certainly wrong
['The pizza is yummy and I like the atmoshpere .'],pizza,positive,0,food quality,yummy
['The pizza is yummy and I like the atmoshpere .'],atmoshpere,positive,0,ambience general,like
['The Seafood Dynamite is also otherworldly .'],Seafood Dynamite,positive,0,food quality,otherworldly
['this place had ALL the trimmings and i mean all .'],trimmings,positive,0,food style_options,ALL
['I had the best ravioli ever .'],ravioli,positive,0,food quality,best
['I can not imagine better Indian food in all of the city .'],Indian food,positive,0,food quality,better
['Cozy romantic atomosphere with only around 15 tables at most .'],atomosphere,positive,0,ambience general,Cozy romantic
"['Other guests enjoyed pizza , santa fe chopped salad and fish and chips .']",pizza,positive,0,food quality,enjoyed
"['Other guests enjoyed pizza , santa fe chopped salad and fish and chips .']",santa fe chopped salad,positive,0,food quality,enjoyed
"['Other guests enjoyed pizza , santa fe chopped salad and fish and chips .']",fish and chips,positive,0,food quality,enjoyed
['Best Taiwanese food in NY !'],Taiwanese food,positive,0,food quality,Best
['The food was mediocre at best but it was the horrible service that made me vow never to go back .'],food,negative,0,food quality,mediocre
['The food was mediocre at best but it was the horrible service that made me vow never to go back .'],service,negative,0,service general,horrible
"['If you are looking for a good quality , cheap eats - this is the place .']",eats,positive,0,food quality,good quality
"['If you are looking for a good quality , cheap eats - this is the place .']",eats,positive,0,food prices,cheap
['We ordered some beef and noodle soup dishes from the Thai section of the menu but nothing we got was Thai .'],beef and noodle soup dishes,negative,0,food quality,nothing we got was Thai
"[""The bibimbap was average , but the stone bowl was n't even close to sizzling .""]",bibimbap,neutral,0,food quality,average
"[""The bibimbap was average , but the stone bowl was n't even close to sizzling .""]",stone bowl,negative,0,food quality,was n't even close to sizzling
"[""This place , which is only a few months old , is perhaps Queens ' biggest secret !""]",place,positive,0,restaurant general,Queens ' biggest secret
['Food was good not great not worth the wait or another visit'],Food,neutral,0,food quality,good not great not worth the wait or another visit
"['Not sure where the previous reviewer , lonk , dined , but Saul is in a great neighborhood and has great food !']",neighborhood,positive,0,location general,great
"['Not sure where the previous reviewer , lonk , dined , but Saul is in a great neighborhood and has great food !']",food,positive,0,food quality,great
['My friend got the mushroom pizza which tasted better .'],mushroom pizza,positive,0,food quality,better
"['I paid just about $ 60 for a good meal , though : )']",meal,positive,0,food quality,good
"['I paid just about $ 60 for a good meal , though : )']",meal,positive,0,food prices,good
['Nice view of river and NYC .'],view of river and NYC,positive,0,location general,Nice
"['I found it on a cold night , the perfect spot to warm up .']",spot,positive,0,restaurant miscellaneous,perfect
['I was very disappointed with this restaurant .'],restaurant,negative,0,restaurant general,disappointed
['The omlette for brunch is great ...'],omlette for brunch,positive,0,food quality,great
['The fried dumplings are GREAT !'],fried dumplings,positive,0,food quality,GREAT
"['If you are going for the food , it will not be worth it .']",food,negative,0,food quality,worth
"[""First of all , this place is *not* romantic , as claimed by Citysearch 's editorial review .""]",place,negative,0,ambience general,*not* romantic
['My fav was the sassy lassi ...'],sassy lassi,positive,0,drinks quality,fav
['An excellent service'],service,positive,0,service general,excellent
['Highly impressed from the decor to the food to the hospitality to the great night I had !'],decor,positive,0,ambience general,impressed
['Highly impressed from the decor to the food to the hospitality to the great night I had !'],food,positive,0,food quality,impressed
['The place is beautiful !'],place,positive,0,ambience general,beautiful
['Worth visiting the 1st Ave spot because it is the original store .'],1st Ave spot,positive,0,restaurant miscellaneous,Worth visiting
"['Overall , excellent restaurant !']",restaurant,positive,0,restaurant general,excellent
['Mazing interior .'],interior,negative,0,ambience general,Mazing
['A weakness is the chicken in the salads .'],chicken in the salads,negative,0,food quality,weakness
['Shame on this place for the horrible rude staff and non-existent customer service .'],staff,negative,0,service general,rude
['Shame on this place for the horrible rude staff and non-existent customer service .'],customer service,negative,0,service general,non-existent
['We started off with a delightful sashimi amuse bouche .'],sashimi amuse bouche,positive,0,food quality,delightful
"['Maybe it was the great company ( I had friends visiting from Philly – yes , it was not a date this time ) or the super reasonable price point , but I just can ’ t say enough good things about this brasserie .']",brasserie,positive,0,restaurant general,good
"['Maybe it was the great company ( I had friends visiting from Philly – yes , it was not a date this time ) or the super reasonable price point , but I just can ’ t say enough good things about this brasserie .']",brasserie,positive,0,restaurant prices,good
"[""It 's a nice place to relax and have conversation .""]",place,positive,0,ambience general,nice
"[""But that was n't the icing on the cake : a tiramisu that resembled nothing I have ever had .""]",tiramisu,negative,0,food quality,nothing
['Pizza here is consistently good .'],Pizza,positive,0,food quality,good
['I fell in love with the egg noodles in the beef broth with shrimp dumplings and slices of BBQ roast pork .'],egg noodles in the beef broth with shrimp dumplings and slices of BBQ roast pork,positive,0,food quality,love
"['The food was very good , a great deal , and the place its self was great .']",food,positive,0,food quality,good
"['The food was very good , a great deal , and the place its self was great .']",food,positive,0,food prices,good
"['The food was very good , a great deal , and the place its self was great .']",place,positive,0,ambience general,great
['The Yellowtail was particularly good as well .'],Yellowtail,positive,0,food quality,good
"['Price is high but the food is good , so I would come back again .']",food,positive,0,food quality,good
"['Price is high but the food is good , so I would come back again .']",food,negative,0,food prices,high
"['A cool bar with great food , and tons of excellent beer .']",bar,positive,0,ambience general,cool
"['A cool bar with great food , and tons of excellent beer .']",food,positive,0,food quality,great
"['A cool bar with great food , and tons of excellent beer .']",beer,positive,0,drinks quality,excellent
"['A cool bar with great food , and tons of excellent beer .']",beer,positive,0,drinks style_options,excellent
['The wine list was extensive - though the staff did not seem knowledgeable about wine pairings .'],wine list,positive,0,drinks style_options,extensive
['The wine list was extensive - though the staff did not seem knowledgeable about wine pairings .'],staff,negative,0,service general,not seem knowledgeable
"['Their calzones are horrific , bad , vomit-inducing , YUCK .']",calzones,negative,0,food quality,horrific
"['Their calzones are horrific , bad , vomit-inducing , YUCK .']",calzones,negative,0,food quality,bad
"['Their calzones are horrific , bad , vomit-inducing , YUCK .']",calzones,negative,0,food quality,vomit-inducing
"['Their calzones are horrific , bad , vomit-inducing , YUCK .']",calzones,negative,0,food quality,YUCK
['We both opted for a pasta dish and they were served timely and fresh .'],pasta dish,positive,0,food quality,fresh
"['They have great rolls , the triple color and norwegetan rolls , are awesome and filling .']",rolls,positive,0,food quality,great
"['They have great rolls , the triple color and norwegetan rolls , are awesome and filling .']",triple color and norwegetan rolls,positive,0,food quality,awesome
"['They have great rolls , the triple color and norwegetan rolls , are awesome and filling .']",triple color and norwegetan rolls,positive,0,food style_options,filling
['The potato balls were not dry at all ... in fact it was buttery .'],potato balls,positive,0,food quality,not dry
"[""The seafood is amazing , there 's a good wine list , and the ever-changing menu always offers some great surprises .""]",seafood,positive,0,food quality,amazing
"[""The seafood is amazing , there 's a good wine list , and the ever-changing menu always offers some great surprises .""]",wine list,positive,0,drinks style_options,good
"[""The seafood is amazing , there 's a good wine list , and the ever-changing menu always offers some great surprises .""]",menu,positive,0,food style_options,ever-changing
"[""The seafood is amazing , there 's a good wine list , and the ever-changing menu always offers some great surprises .""]",menu,positive,0,food style_options,great surprises
['Definitely a great spot for a nice occasion or date .'],spot,positive,0,restaurant miscellaneous,great
['The food is excellent !'],food,positive,0,food quality,excellent
['We went around 9:30 on a Friday and it had died down a bit by then so the service was great !'],service,positive,0,service general,great
['This place is always packed .'],place,neutral,0,ambience general,packed
"['The food was good , the place was clean and affordable .']",food,positive,0,food quality,good
"['The food was good , the place was clean and affordable .']",place,positive,0,ambience general,clean
"['The food was good , the place was clean and affordable .']",place,positive,0,restaurant prices,affordable
"['I have known about this secret for the last 13 years , Emilio ( the Godfather ) has continued to serve food and wine for the gods at mortal prices .']",food,positive,0,food quality,gods
"['I have known about this secret for the last 13 years , Emilio ( the Godfather ) has continued to serve food and wine for the gods at mortal prices .']",wine,positive,0,drinks quality,gods
"['I have known about this secret for the last 13 years , Emilio ( the Godfather ) has continued to serve food and wine for the gods at mortal prices .']",food,positive,0,food prices,mortal
"['I have known about this secret for the last 13 years , Emilio ( the Godfather ) has continued to serve food and wine for the gods at mortal prices .']",wine,positive,0,drinks prices,mortal
"['Although the tables may be closely situated , the candle-light , food quality and service overcompensate .']",candle-light,positive,0,ambience general,overcompensate
"['Although the tables may be closely situated , the candle-light , food quality and service overcompensate .']",food,positive,0,food quality,overcompensate
"['Although the tables may be closely situated , the candle-light , food quality and service overcompensate .']",service,positive,0,service general,overcompensate
"['Although the tables may be closely situated , the candle-light , food quality and service overcompensate .']",tables,negative,0,ambience general,closely situated
['Dessert is a joke ... dont bother'],Dessert,negative,0,food quality,joke
['Great staff .'],staff,positive,0,service general,Great
['The food is okay and the prices here are mediocre .'],food,neutral,0,food quality,okay
"[""At this point , the waitress comes over and asks us if everything was okay , I was literally so shocked that I was speechless and didn 't say anything , and guess what , the waitress WALKED away .""]",waitress,negative,0,service general,speechless
['Gross food – Wow-'],food,negative,0,food quality,Gross
"['The portions are HUGE , so it might be good to order three things to split ( rather than one appetizer and entree per person ) for two people .']",portions,neutral,0,food style_options,HUGE
"[""Try the Pad Thai , it 's fabulous and their prices are so cheap !""]",Pad Thai,positive,0,food quality,Try
"[""Try the Pad Thai , it 's fabulous and their prices are so cheap !""]",Pad Thai,positive,0,food quality,fabulous
"['My husband and I thougt it would be great to go to the Jekyll and Hyde Pub for our anniversary , and to our surprise it was fantastic .']",Jekyll and Hyde Pub,positive,0,restaurant general,great
"['My husband and I thougt it would be great to go to the Jekyll and Hyde Pub for our anniversary , and to our surprise it was fantastic .']",Jekyll and Hyde Pub,positive,0,restaurant general,fantastic
['My chow fun and chow see was really bland and oily .'],chow fun and chow see,negative,0,food quality,bland
['My chow fun and chow see was really bland and oily .'],chow fun and chow see,negative,0,food quality,oily
"['Admittedly some nights inside the restaurant were rather warm , but the open kitchen is part of the charm .']",open kitchen,positive,0,ambience general,charm
"['Admittedly some nights inside the restaurant were rather warm , but the open kitchen is part of the charm .']",restaurant,negative,0,ambience general,warm
['I recommend this place to everyone .'],place,positive,0,restaurant general,recommend
"['We had half/half pizza , mine was eggplant and my friend had the buffalo and it was sooo huge for a small size pizza !']",half/half pizza,positive,0,food style_options,huge
['The food is tasty and portion sizes are appropriate .'],food,positive,0,food quality,tasty
['The food is tasty and portion sizes are appropriate .'],portion sizes,positive,0,food style_options,appropriate
"['lobster was good , nothing spectacular .']",lobster,neutral,0,food quality,good
['Chennai Garden is my favorite Indian restaurant in the city .'],Chennai Garden,positive,0,restaurant general,favorite
"[""Do n't get me started on the margaritas , either .""]",margaritas,negative,0,drinks quality,Do n't get me started
"['The food is delicious - from the specials to the regular menu-fare , the dishes are never a disappointment .']",food,positive,0,food quality,delicious
"['The food is delicious - from the specials to the regular menu-fare , the dishes are never a disappointment .']",dishes,positive,0,food quality,never a disappointment
"['The food is delicious - from the specials to the regular menu-fare , the dishes are never a disappointment .']",specials,positive,0,food quality,delicious
"['The food is delicious - from the specials to the regular menu-fare , the dishes are never a disappointment .']",regular menu-fare,positive,0,food quality,delicious
['Not because you are `` The Four Seasons `` ... – you are allowed to charge an arm and a leg for a romatic dinner .'],The Four Seasons,negative,0,restaurant prices,charge an arm and a leg
['The staff is incredibly helpful and attentive .'],staff,positive,0,service general,helpful
['The staff is incredibly helpful and attentive .'],staff,positive,0,service general,attentive
['Taxan delicious !'],Taxan,positive,0,food quality,delicious
"[""It 's boring on the inside , and our sushi was pretty below average ... the tuna was soggy and the other rolls had no flavor .""]",sushi,negative,0,food quality,below average
"[""It 's boring on the inside , and our sushi was pretty below average ... the tuna was soggy and the other rolls had no flavor .""]",tuna,negative,0,food quality,soggy
"[""It 's boring on the inside , and our sushi was pretty below average ... the tuna was soggy and the other rolls had no flavor .""]",rolls,negative,0,food quality,no flavor
"['Be prepared to wait , because the place is pretty tiny .']",place,negative,0,restaurant miscellaneous,tiny
"['Be prepared to wait , because the place is pretty tiny .']",place,negative,0,ambience general,tiny
['Fantastic place .'],place,positive,0,restaurant general,Fantastic
"[""It 's definately not a place to go if you want to impress someone .""]",place,negative,0,restaurant miscellaneous,impress
"[""However , once I received my predictably mediocre order of what Dokebi thinks passes as Korean fair , ( sometimes you have to settle when it 's your only option ) , I got through about half my kimchee before I found a piece of random lettuce accompanied by a far more disgusting , slimy , clearly bad piece of fish skin .""]",kimchee,negative,0,food quality,disgusting
"[""However , once I received my predictably mediocre order of what Dokebi thinks passes as Korean fair , ( sometimes you have to settle when it 's your only option ) , I got through about half my kimchee before I found a piece of random lettuce accompanied by a far more disgusting , slimy , clearly bad piece of fish skin .""]",Korean fair,negative,0,food quality,mediocre
['I am happy i did the food was awsome .'],food,positive,0,food quality,awsome
['Amma is nothing special .'],Amma,neutral,0,restaurant general,nothing special
"['Calling the place Hampton Chutney Co. does warn you that these folks offer more style than substance , but in this unattractive room with unhelpful clerks there was a dearth of the former too .']",place,negative,0,restaurant general,unattractive
"['Calling the place Hampton Chutney Co. does warn you that these folks offer more style than substance , but in this unattractive room with unhelpful clerks there was a dearth of the former too .']",room,negative,0,ambience general,unattractive
"['Calling the place Hampton Chutney Co. does warn you that these folks offer more style than substance , but in this unattractive room with unhelpful clerks there was a dearth of the former too .']",clerks,negative,0,service general,unhelpful
['The brioche and lollies as party favors is a cute and sweet touch to a most memorable meal .'],brioche and lollies,positive,0,food quality,cute
['The brioche and lollies as party favors is a cute and sweet touch to a most memorable meal .'],brioche and lollies,positive,0,food quality,sweet
['I lOVE THIS PLACE !'],PLACE,positive,0,restaurant general,lOVE
"[""Thanks Bloom 's for a lovely trip .""]",Bloom 's,positive,0,restaurant general,Thanks
"[""Thanks Bloom 's for a lovely trip .""]",Bloom 's,positive,0,restaurant general,lovely
"['Going to Bark is always worth the train ride , and will make your tongue and belly very happy !']",Bark,positive,0,restaurant general,worth
"['All in all , I would return - as it was a beautiful restaurant - but I hope the staff pays more attention to the little details in the future .']",restaurant,positive,0,restaurant general,beautiful
"['All in all , I would return - as it was a beautiful restaurant - but I hope the staff pays more attention to the little details in the future .']",restaurant,positive,0,ambience general,beautiful
"['All in all , I would return - as it was a beautiful restaurant - but I hope the staff pays more attention to the little details in the future .']",staff,negative,0,service general,pays more attention
"[""Authentic Taiwanese food that 's cheap ... what more could you ask for ?""]",Taiwanese food,positive,0,food quality,Authentic
"[""Authentic Taiwanese food that 's cheap ... what more could you ask for ?""]",Taiwanese food,positive,0,food prices,cheap
"[""I 'm not sure where the other reviewers ate but it seems as if we visited two different restaurants because my friends and I all enjoy Mizu very much ... and we 're repeat customers .""]",Mizu,positive,0,restaurant general,enjoy
"[""I highly recommend Cafe St. Bart 's for their food , the ambience and wonderful service .""]",food,positive,0,food quality,recommend
"[""I highly recommend Cafe St. Bart 's for their food , the ambience and wonderful service .""]",ambience,positive,0,ambience general,recommend
"[""I highly recommend Cafe St. Bart 's for their food , the ambience and wonderful service .""]",service,positive,0,service general,recommend
"[""I highly recommend Cafe St. Bart 's for their food , the ambience and wonderful service .""]",service,positive,0,service general,wonderful
"['The food was excellent as well as service , however , I left The Four Seasons very dissappointed .']",food,positive,0,food quality,excellent
"['The food was excellent as well as service , however , I left The Four Seasons very dissappointed .']",service,positive,0,service general,excellent
"['The food was excellent as well as service , however , I left The Four Seasons very dissappointed .']",The Four Seasons,negative,0,restaurant general,dissappointed
"[""Their sake list was extensive , but we were looking for Purple Haze , which was n't listed but made for us upon request !""]",sake list,positive,0,drinks style_options,extensive
"['The in-house lady DJ on Saturday nights has outrageously good taste in music , and moreover , takes requests .']",in-house lady DJ,positive,0,ambience general,good taste
['I had the duck breast special on my last visit and it was incredible .'],duck breast special,positive,0,food quality,incredible
